capture,x,y,w,h
Screenshot_20240715_224736_com.xiachufang.jpg,66,1924,528,528
Screenshot_20240715_224736_com.xiachufang.jpg,626,1924,528,528
Screenshot_20240715_224736_com.xiachufang.jpg,66,2588,528,528
Screenshot_20240715_224736_com.xiachufang.jpg,66,3400,528,528
Screenshot_20240715_224736_com.xiachufang.jpg,626,3400,528,528
Screenshot_20240715_224736_com.xiachufang.jpg,66,4212,528,528
Screenshot_20240715_224736_com.xiachufang.jpg,626,4212,528,528
Screenshot_20240715_224736_com.xiachufang.jpg,66,5534,528,528
Screenshot_20240715_224736_com.xiachufang.jpg,66,6416,528,528
Screenshot_20240715_224736_com.xiachufang.jpg,626,6416,528,528
Screenshot_20240715_224736_com.xiachufang.jpg,66,7080,528,528
Screenshot_20240715_224736_com.xiachufang.jpg,66,7892,528,528
Screenshot_20240715_224736_com.xiachufang.jpg,626,7892,528,528
Screenshot_20240715_224736_com.xiachufang.jpg,66,9142,528,528
Screenshot_20240715_224736_com.xiachufang.jpg,626,9142,528,528
Screenshot_20240715_224736_com.xiachufang.jpg,626,9954,528,528
Screenshot_20240715_224736_com.xiachufang.jpg,66,9953,528,528
Screenshot_20240715_224736_com.xiachufang.jpg,66,10690,528,528
Screenshot_20240715_224736_com.xiachufang.jpg,66,11502,528,528
Screenshot_20240715_224736_com.xiachufang.jpg,626,11502,528,528
Screenshot_20240715_224736_com.xiachufang.jpg,66,12752,528,528
Screenshot_20240715_224736_com.xiachufang.jpg,626,12752,528,528
Screenshot_20240715_224736_com.xiachufang.jpg,66,13564,528,528
Screenshot_20240715_224736_com.xiachufang.jpg,626,13564,528,528
Screenshot_20240715_224736_com.xiachufang.jpg,66,14228,528,528
Screenshot_20240715_224736_com.xiachufang.jpg,66,15040,528,528
Screenshot_20240715_224736_com.xiachufang.jpg,626,15040,528,528
Screenshot_20240715_224736_com.xiachufang.jpg,66,16290,528,528
Screenshot_20240715_224736_com.xiachufang.jpg,626,16290,528,528
Screenshot_20240715_224736_com.xiachufang.jpg,66,17102,528,528
Screenshot_20240715_224736_com.xiachufang.jpg,626,17102,528,528
Screenshot_20240715_224736_com.xiachufang.jpg,66,17984,528,528
Screenshot_20240715_224736_com.xiachufang.jpg,626,17984,528,528
Screenshot_20240715_224736_com.xiachufang.jpg,66,19306,528,528
Screenshot_20240715_224736_com.xiachufang.jpg,626,19306,528,528
Screenshot_20240715_224736_com.xiachufang.jpg,66,20118,528,528
Screenshot_20240715_224736_com.xiachufang.jpg,626,20118,528,528
Screenshot_20240715_224736_com.xiachufang.jpg,66,21000,528,528
Screenshot_20240715_224736_com.xiachufang.jpg,626,21000,528,528
Screenshot_20240715_224736_com.xiachufang.jpg,66,21664,528,528
Screenshot_20240715_224736_com.xiachufang.jpg,66,22914,528,528
Screenshot_20240715_224736_com.xiachufang.jpg,626,22914,528,528
Screenshot_20240715_224736_com.xiachufang.jpg,66,23726,528,528
Screenshot_20240715_224736_com.xiachufang.jpg,626,23726,528,528
Screenshot_20240715_224736_com.xiachufang.jpg,66,24538,528,528
Screenshot_20240715_224736_com.xiachufang.jpg,626,24538,528,528
Screenshot_20240715_224736_com.xiachufang.jpg,66,25788,528,528
Screenshot_20240715_224736_com.xiachufang.jpg,626,25788,528,528
Screenshot_20240715_224736_com.xiachufang.jpg,66,26600,528,528
Screenshot_20240715_224736_com.xiachufang.jpg,626,26600,528,528
Screenshot_20240715_224736_com.xiachufang.jpg,66,27264,528,528
Screenshot_20240715_224736_com.xiachufang.jpg,66,28076,528,528
Screenshot_20240715_224736_com.xiachufang.jpg,626,28076,528,528
Screenshot_20240715_224736_com.xiachufang.jpg,66,29326,528,528
Screenshot_20240715_224736_com.xiachufang.jpg,626,29326,528,528
Screenshot_20240715_224736_com.xiachufang.jpg,66,30138,528,528
Screenshot_20240715_224736_com.xiachufang.jpg,626,30138,528,528
Screenshot_20240715_224736_com.xiachufang.jpg,626,31020,528,528
Screenshot_20240715_224736_com.xiachufang.jpg,66,31022,528,528
Screenshot_20240715_224736_com.xiachufang.jpg,66,32270,528,528
Screenshot_20240715_224736_com.xiachufang.jpg,626,32270,528,528
Screenshot_20240715_224736_com.xiachufang.jpg,66,33082,528,528
Screenshot_20240715_224736_com.xiachufang.jpg,66,33894,528,528
Screenshot_20240715_224736_com.xiachufang.jpg,626,33894,528,528
Screenshot_20240715_224736_com.xiachufang.jpg,66,34704,528,528
Screenshot_20240715_224736_com.xiachufang.jpg,626,34706,528,528
Screenshot_20240715_224736_com.xiachufang.jpg,66,35956,528,528
Screenshot_20240715_224736_com.xiachufang.jpg,626,35956,528,528
Screenshot_20240715_224736_com.xiachufang.jpg,66,36768,528,528
Screenshot_20240715_224736_com.xiachufang.jpg,626,36768,528,528
Screenshot_20240715_224736_com.xiachufang.jpg,66,37432,528,528
Screenshot_20240715_224736_com.xiachufang.jpg,66,38244,528,528
Screenshot_20240715_224736_com.xiachufang.jpg,626,38244,528,528
Screenshot_20240715_225008_com.xiachufang.jpg,66,1156,528,528
Screenshot_20240715_225008_com.xiachufang.jpg,626,1156,528,528
Screenshot_20240715_225008_com.xiachufang.jpg,66,1820,528,528
Screenshot_20240715_225008_com.xiachufang.jpg,66,2632,528,528
Screenshot_20240715_225008_com.xiachufang.jpg,626,2632,528,528
Screenshot_20240715_225008_com.xiachufang.jpg,66,3444,528,528
Screenshot_20240715_225008_com.xiachufang.jpg,626,3446,528,528
Screenshot_20240715_225008_com.xiachufang.jpg,66,4108,528,528
Screenshot_20240715_225008_com.xiachufang.jpg,626,6048,528,528
Screenshot_20240715_225008_com.xiachufang.jpg,66,6712,528,528
Screenshot_20240715_225008_com.xiachufang.jpg,66,8418,528,528
Screenshot_20240715_225008_com.xiachufang.jpg,626,8418,528,528
Screenshot_20240715_225008_com.xiachufang.jpg,66,9082,528,528
Screenshot_20240715_225008_com.xiachufang.jpg,66,10786,528,528
Screenshot_20240715_225008_com.xiachufang.jpg,626,10786,528,528
Screenshot_20240715_225008_com.xiachufang.jpg,66,11450,528,528
Screenshot_20240715_225008_com.xiachufang.jpg,66,12262,528,528
Screenshot_20240715_225008_com.xiachufang.jpg,66,14202,528,528
Screenshot_20240715_225008_com.xiachufang.jpg,626,14202,528,528
Screenshot_20240715_225008_com.xiachufang.jpg,66,14866,528,528
Screenshot_20240715_225008_com.xiachufang.jpg,66,16572,528,528
Screenshot_20240715_225008_com.xiachufang.jpg,626,16573,528,528
Screenshot_20240715_225008_com.xiachufang.jpg,66,18276,528,528
Screenshot_20240715_225008_com.xiachufang.jpg,626,18278,528,528
Screenshot_20240715_225008_com.xiachufang.jpg,66,18940,528,528
Screenshot_20240715_225008_com.xiachufang.jpg,66,19752,528,528
Screenshot_20240715_225008_com.xiachufang.jpg,66,21692,528,528
Screenshot_20240715_225008_com.xiachufang.jpg,626,21692,528,528
Screenshot_20240715_225008_com.xiachufang.jpg,66,23398,528,528
Screenshot_20240715_225008_com.xiachufang.jpg,626,23398,528,528
Screenshot_20240715_225008_com.xiachufang.jpg,626,25102,528,528
Screenshot_20240715_225008_com.xiachufang.jpg,66,25102,528,528
Screenshot_20240715_225008_com.xiachufang.jpg,66,25766,528,528
Screenshot_20240715_225008_com.xiachufang.jpg,66,26578,528,528
Screenshot_20240715_225008_com.xiachufang.jpg,626,28521,528,528
Screenshot_20240715_225008_com.xiachufang.jpg,66,29182,528,528
Screenshot_20240715_225008_com.xiachufang.jpg,66,30888,528,528
Screenshot_20240715_225008_com.xiachufang.jpg,626,30888,528,528
Screenshot_20240715_225008_com.xiachufang.jpg,66,32592,528,528
Screenshot_20240715_225008_com.xiachufang.jpg,626,32592,528,528
Screenshot_20240715_225008_com.xiachufang.jpg,66,33404,528,528
Screenshot_20240715_225008_com.xiachufang.jpg,66,35344,528,528
Screenshot_20240715_225008_com.xiachufang.jpg,626,35344,528,528
Screenshot_20240715_225008_com.xiachufang.jpg,66,36010,528,528
Screenshot_20240715_225008_com.xiachufang.jpg,66,37714,528,528
Screenshot_20240715_225008_com.xiachufang.jpg,626,37714,528,528
Screenshot_20240715_225008_com.xiachufang.jpg,66,38526,528,528
Screenshot_20240715_225008_com.xiachufang.jpg,66,39338,528,528
Screenshot_20240715_225008_com.xiachufang.jpg,66,6046,528,528
Screenshot_20240715_225008_com.xiachufang.jpg,66,28521,528,528
Screenshot_20240715_225113_com.xiachufang.jpg,66,1890,528,528
Screenshot_20240715_225113_com.xiachufang.jpg,626,1890,528,528
Screenshot_20240715_225113_com.xiachufang.jpg,66,2554,528,528
Screenshot_20240715_225113_com.xiachufang.jpg,626,4258,528,528
Screenshot_20240715_225113_com.xiachufang.jpg,66,4260,528,528
Screenshot_20240715_225113_com.xiachufang.jpg,66,6628,528,528
Screenshot_20240715_225113_com.xiachufang.jpg,626,6628,528,528
Screenshot_20240715_225113_com.xiachufang.jpg,66,7292,528,528
Screenshot_20240715_225113_com.xiachufang.jpg,66,8104,528,528
Screenshot_20240715_225113_com.xiachufang.jpg,66,10044,528,528
Screenshot_20240715_225113_com.xiachufang.jpg,626,10044,528,528
Screenshot_20240715_225113_com.xiachufang.jpg,66,10708,528,528
Screenshot_20240715_225113_com.xiachufang.jpg,66,12412,528,528
Screenshot_20240715_225113_com.xiachufang.jpg,626,12412,528,528
Screenshot_20240715_225113_com.xiachufang.jpg,66,14782,528,528
Screenshot_20240715_225113_com.xiachufang.jpg,66,15594,528,528
Screenshot_20240715_225113_com.xiachufang.jpg,66,17534,528,528
Screenshot_20240715_225113_com.xiachufang.jpg,626,17534,528,528
Screenshot_20240715_225113_com.xiachufang.jpg,66,18198,528,528
Screenshot_20240715_225113_com.xiachufang.jpg,626,19902,528,528
Screenshot_20240715_225113_com.xiachufang.jpg,66,20714,528,528
Screenshot_20240715_225113_com.xiachufang.jpg,66,21526,528,528
Screenshot_20240715_225113_com.xiachufang.jpg,66,23466,528,528
Screenshot_20240715_225113_com.xiachufang.jpg,626,23466,528,528
Screenshot_20240715_225113_com.xiachufang.jpg,66,24130,528,528
Screenshot_20240715_225113_com.xiachufang.jpg,66,25836,528,528
Screenshot_20240715_225113_com.xiachufang.jpg,626,25836,528,528
Screenshot_20240715_225113_com.xiachufang.jpg,66,26500,528,528
Screenshot_20240715_225113_com.xiachufang.jpg,626,28204,528,528
Screenshot_20240715_225113_com.xiachufang.jpg,66,28868,528,528
Screenshot_20240715_225113_com.xiachufang.jpg,66,29680,528,528
Screenshot_20240715_225113_com.xiachufang.jpg,66,31620,528,528
Screenshot_20240715_225113_com.xiachufang.jpg,626,31620,528,528
Screenshot_20240715_225113_com.xiachufang.jpg,66,33324,528,528
Screenshot_20240715_225113_com.xiachufang.jpg,66,33990,528,528
Screenshot_20240715_225113_com.xiachufang.jpg,66,35694,528,528
Screenshot_20240715_225113_com.xiachufang.jpg,626,35694,528,528
Screenshot_20240715_225113_com.xiachufang.jpg,66,36358,528,528
Screenshot_20240715_225113_com.xiachufang.jpg,66,4918,528,528
Screenshot_20240715_225113_com.xiachufang.jpg,66,13072,528,528
Screenshot_20240715_225113_com.xiachufang.jpg,626,14775,528,528
Screenshot_20240715_225113_com.xiachufang.jpg,66,19903,528,528
Screenshot_20240715_225113_com.xiachufang.jpg,66,28203,528,528
Screenshot_20240715_225113_com.xiachufang.jpg,626,33321,528,528
Screenshot_20240715_225113_com.xiachufang.jpg,66,37166,528,528
Screenshot_20240715_225219_com.xiachufang.jpg,66,1876,528,528
Screenshot_20240715_225219_com.xiachufang.jpg,626,1876,528,528
Screenshot_20240715_225219_com.xiachufang.jpg,66,2540,528,528
Screenshot_20240715_225219_com.xiachufang.jpg,626,4244,528,528
Screenshot_20240715_225219_com.xiachufang.jpg,66,4246,528,528
Screenshot_20240715_225219_com.xiachufang.jpg,66,4908,528,528
Screenshot_20240715_225219_com.xiachufang.jpg,66,6614,528,528
Screenshot_20240715_225219_com.xiachufang.jpg,626,6614,528,528
Screenshot_20240715_225219_com.xiachufang.jpg,66,7426,528,528
Screenshot_20240715_225219_com.xiachufang.jpg,66,9366,528,528
Screenshot_20240715_225219_com.xiachufang.jpg,626,9366,528,528
Screenshot_20240715_225219_com.xiachufang.jpg,66,10030,528,528
Screenshot_20240715_225219_com.xiachufang.jpg,66,11734,528,528
Screenshot_20240715_225219_com.xiachufang.jpg,626,11734,528,528
Screenshot_20240715_225219_com.xiachufang.jpg,626,11820,528,528
Screenshot_20240715_225219_com.xiachufang.jpg,66,13440,528,528
Screenshot_20240715_225219_com.xiachufang.jpg,66,14104,528,528
Screenshot_20240715_225219_com.xiachufang.jpg,66,14916,528,528
Screenshot_20240715_225219_com.xiachufang.jpg,66,16856,528,528
Screenshot_20240715_225219_com.xiachufang.jpg,626,16856,528,528
Screenshot_20240715_225219_com.xiachufang.jpg,66,18560,528,528
Screenshot_20240715_225219_com.xiachufang.jpg,626,18560,528,528
Screenshot_20240715_225219_com.xiachufang.jpg,66,19250,528,528
Screenshot_20240715_225219_com.xiachufang.jpg,66,20930,528,528
Screenshot_20240715_225219_com.xiachufang.jpg,626,20930,528,528
Screenshot_20240715_225219_com.xiachufang.jpg,66,21742,528,528
Screenshot_20240715_225219_com.xiachufang.jpg,66,23682,528,528
Screenshot_20240715_225219_com.xiachufang.jpg,626,23682,528,528
Screenshot_20240715_225219_com.xiachufang.jpg,66,24346,528,528
Screenshot_20240715_225219_com.xiachufang.jpg,66,26050,528,528
Screenshot_20240715_225219_com.xiachufang.jpg,66,27756,528,528
Screenshot_20240715_225219_com.xiachufang.jpg,626,27756,528,528
Screenshot_20240715_225219_com.xiachufang.jpg,66,28420,528,528
Screenshot_20240715_225219_com.xiachufang.jpg,66,29230,528,528
Screenshot_20240715_225219_com.xiachufang.jpg,626,31172,528,528
Screenshot_20240715_225219_com.xiachufang.jpg,66,31172,528,528
Screenshot_20240715_225219_com.xiachufang.jpg,66,31836,528,528
Screenshot_20240715_225219_com.xiachufang.jpg,66,33540,528,528
Screenshot_20240715_225219_com.xiachufang.jpg,626,33540,528,528
Screenshot_20240715_225219_com.xiachufang.jpg,66,34204,528,528
Screenshot_20240715_225219_com.xiachufang.jpg,66,35910,528,528
Screenshot_20240715_225219_com.xiachufang.jpg,626,35910,528,528
Screenshot_20240715_225219_com.xiachufang.jpg,66,37384,528,528
Screenshot_20240715_225219_com.xiachufang.jpg,626,13441,528,528
Screenshot_20240715_225219_com.xiachufang.jpg,626,26048,528,528
Screenshot_20240715_225219_com.xiachufang.jpg,66,36573,528,528
Screenshot_20240715_225351_com.xiachufang.jpg,66,1900,528,528
Screenshot_20240715_225351_com.xiachufang.jpg,626,1900,528,528
Screenshot_20240715_225351_com.xiachufang.jpg,66,2564,528,528
Screenshot_20240715_225351_com.xiachufang.jpg,66,4268,528,528
Screenshot_20240715_225351_com.xiachufang.jpg,626,4268,528,528
Screenshot_20240715_225351_com.xiachufang.jpg,66,4932,528,528
Screenshot_20240715_225351_com.xiachufang.jpg,66,5744,528,528
Screenshot_20240715_225351_com.xiachufang.jpg,66,6556,528,528
Screenshot_20240715_225351_com.xiachufang.jpg,66,8496,528,528
Screenshot_20240715_225351_com.xiachufang.jpg,626,8496,528,528
Screenshot_20240715_225351_com.xiachufang.jpg,66,9160,528,528
Screenshot_20240715_225351_com.xiachufang.jpg,66,9972,528,528
Screenshot_20240715_225351_com.xiachufang.jpg,626,11678,528,528
Screenshot_20240715_225351_com.xiachufang.jpg,66,11679,528,528
Screenshot_20240715_225351_com.xiachufang.jpg,66,12342,528,528
Screenshot_20240715_225351_com.xiachufang.jpg,66,13154,528,528
Screenshot_20240715_225351_com.xiachufang.jpg,626,15094,528,528
Screenshot_20240715_225351_com.xiachufang.jpg,66,15758,528,528
Screenshot_20240715_225351_com.xiachufang.jpg,66,17462,528,528
Screenshot_20240715_225351_com.xiachufang.jpg,66,19832,528,528
Screenshot_20240715_225351_com.xiachufang.jpg,626,19832,528,528
Screenshot_20240715_225351_com.xiachufang.jpg,66,20644,528,528
Screenshot_20240715_225351_com.xiachufang.jpg,66,22584,528,528
Screenshot_20240715_225351_com.xiachufang.jpg,626,22584,528,528
Screenshot_20240715_225351_com.xiachufang.jpg,66,23248,528,528
Screenshot_20240715_225351_com.xiachufang.jpg,66,24952,528,528
Screenshot_20240715_225351_com.xiachufang.jpg,66,26653,528,528
Screenshot_20240715_225351_com.xiachufang.jpg,626,26660,528,528
Screenshot_20240715_225351_com.xiachufang.jpg,66,27470,528,528
Screenshot_20240715_225351_com.xiachufang.jpg,66,29410,528,528
Screenshot_20240715_225351_com.xiachufang.jpg,626,29410,528,528
Screenshot_20240715_225351_com.xiachufang.jpg,626,31114,528,528
Screenshot_20240715_225351_com.xiachufang.jpg,626,33484,528,528
Screenshot_20240715_225351_com.xiachufang.jpg,66,33484,528,528
Screenshot_20240715_225351_com.xiachufang.jpg,66,15097,528,528
Screenshot_20240715_225351_com.xiachufang.jpg,626,17460,528,528
Screenshot_20240715_225351_com.xiachufang.jpg,66,18128,528,528
Screenshot_20240715_225351_com.xiachufang.jpg,626,24953,528,528
Screenshot_20240715_225351_com.xiachufang.jpg,66,31116,528,528
Screenshot_20240715_225351_com.xiachufang.jpg,66,31782,528,528
Screenshot_20240715_225351_com.xiachufang.jpg,66,34287,528,528
Screenshot_20240715_225534_com.xiachufang.jpg,66,1846,528,528
Screenshot_20240715_225534_com.xiachufang.jpg,626,1846,528,528
Screenshot_20240715_225534_com.xiachufang.jpg,66,2510,528,528
Screenshot_20240715_225534_com.xiachufang.jpg,66,5920,528,528
Screenshot_20240715_225534_com.xiachufang.jpg,626,5921,528,528
Screenshot_20240715_225534_com.xiachufang.jpg,66,6732,528,528
Screenshot_20240715_225534_com.xiachufang.jpg,626,8672,528,528
Screenshot_20240715_225534_com.xiachufang.jpg,66,8672,528,528
Screenshot_20240715_225534_com.xiachufang.jpg,66,9336,528,528
Screenshot_20240715_225534_com.xiachufang.jpg,66,11040,528,528
Screenshot_20240715_225534_com.xiachufang.jpg,626,11040,528,528
Screenshot_20240715_225534_com.xiachufang.jpg,66,11699,528,528
Screenshot_20240715_225534_com.xiachufang.jpg,66,13328,528,528
Screenshot_20240715_225534_com.xiachufang.jpg,66,15268,528,528
Screenshot_20240715_225534_com.xiachufang.jpg,626,15268,528,528
Screenshot_20240715_225534_com.xiachufang.jpg,66,15932,528,528
Screenshot_20240715_225534_com.xiachufang.jpg,66,17638,528,528
Screenshot_20240715_225534_com.xiachufang.jpg,66,18448,528,528
Screenshot_20240715_225534_com.xiachufang.jpg,66,19262,528,528
Screenshot_20240715_225534_com.xiachufang.jpg,66,21202,528,528
Screenshot_20240715_225534_com.xiachufang.jpg,626,21202,528,528
Screenshot_20240715_225534_com.xiachufang.jpg,66,21866,528,528
Screenshot_20240715_225534_com.xiachufang.jpg,66,22678,528,528
Screenshot_20240715_225534_com.xiachufang.jpg,66,24382,528,528
Screenshot_20240715_225534_com.xiachufang.jpg,626,24382,528,528
Screenshot_20240715_225534_com.xiachufang.jpg,66,25194,528,528
Screenshot_20240715_225534_com.xiachufang.jpg,66,27134,528,528
Screenshot_20240715_225534_com.xiachufang.jpg,626,27134,528,528
Screenshot_20240715_225534_com.xiachufang.jpg,66,27796,528,528
Screenshot_20240715_225534_com.xiachufang.jpg,66,28610,528,528
Screenshot_20240715_225534_com.xiachufang.jpg,66,30316,528,528
Screenshot_20240715_225534_com.xiachufang.jpg,626,30316,528,528
Screenshot_20240715_225534_com.xiachufang.jpg,66,31126,528,528
Screenshot_20240715_225534_com.xiachufang.jpg,626,33068,528,528
Screenshot_20240715_225534_com.xiachufang.jpg,66,33068,528,528
Screenshot_20240715_225534_com.xiachufang.jpg,66,33730,528,528
Screenshot_20240715_225534_com.xiachufang.jpg,66,35436,528,528
Screenshot_20240715_225534_com.xiachufang.jpg,626,35436,528,528
Screenshot_20240715_225534_com.xiachufang.jpg,66,36100,528,528
Screenshot_20240715_225534_com.xiachufang.jpg,66,37804,528,528
Screenshot_20240715_225534_com.xiachufang.jpg,626,37804,528,528
Screenshot_20240715_225534_com.xiachufang.jpg,66,38616,528,528
Screenshot_20240715_225534_com.xiachufang.jpg,66,4215,528,528
Screenshot_20240715_225534_com.xiachufang.jpg,626,4213,528,528
Screenshot_20240715_225534_com.xiachufang.jpg,66,12513,528,528
Screenshot_20240715_225534_com.xiachufang.jpg,626,17637,528,528
Screenshot_20240715_225634_com.xiachufang.jpg,66,1872,528,528
Screenshot_20240715_225634_com.xiachufang.jpg,626,1872,528,528
Screenshot_20240715_225634_com.xiachufang.jpg,66,2684,528,528
Screenshot_20240715_225634_com.xiachufang.jpg,66,4388,528,528
Screenshot_20240715_225634_com.xiachufang.jpg,626,4388,528,528
Screenshot_20240715_225634_com.xiachufang.jpg,66,5052,528,528
Screenshot_20240715_225634_com.xiachufang.jpg,66,5864,528,528
Screenshot_20240715_225634_com.xiachufang.jpg,66,7804,528,528
Screenshot_20240715_225634_com.xiachufang.jpg,626,7804,528,528
Screenshot_20240715_225634_com.xiachufang.jpg,66,8468,528,528
Screenshot_20240715_225634_com.xiachufang.jpg,66,10174,528,528
Screenshot_20240715_225634_com.xiachufang.jpg,626,10170,528,528
Screenshot_20240715_225634_com.xiachufang.jpg,66,10820,528,528
Screenshot_20240715_225634_com.xiachufang.jpg,66,12542,528,528
Screenshot_20240715_225634_com.xiachufang.jpg,626,12542,528,528
Screenshot_20240715_225634_com.xiachufang.jpg,66,13354,528,528
Screenshot_20240715_225634_com.xiachufang.jpg,66,14604,528,528
Screenshot_20240715_225634_com.xiachufang.jpg,626,14604,528,528
Screenshot_20240715_225634_com.xiachufang.jpg,66,15488,528,528
Screenshot_20240715_225634_com.xiachufang.jpg,626,15488,528,528
Screenshot_20240715_225634_com.xiachufang.jpg,66,16300,528,528
Screenshot_20240715_225634_com.xiachufang.jpg,66,17620,528,528
Screenshot_20240715_225634_com.xiachufang.jpg,626,17620,528,528
Screenshot_20240715_225634_com.xiachufang.jpg,66,18504,528,528
Screenshot_20240715_225634_com.xiachufang.jpg,626,18504,528,528
Screenshot_20240715_225634_com.xiachufang.jpg,66,19316,528,528
Screenshot_20240715_225634_com.xiachufang.jpg,66,20128,528,528
Screenshot_20240715_225634_com.xiachufang.jpg,626,20128,528,528
Screenshot_20240715_225634_com.xiachufang.jpg,66,21378,528,528
Screenshot_20240715_225634_com.xiachufang.jpg,626,21378,528,528
Screenshot_20240715_225634_com.xiachufang.jpg,66,22190,528,528
Screenshot_20240715_225634_com.xiachufang.jpg,626,22190,528,528
Screenshot_20240715_225634_com.xiachufang.jpg,66,23002,528,528
Screenshot_20240715_225634_com.xiachufang.jpg,626,23002,528,528
Screenshot_20240715_225634_com.xiachufang.jpg,66,23664,528,528
Screenshot_20240715_225634_com.xiachufang.jpg,66,24916,528,528
Screenshot_20240715_225634_com.xiachufang.jpg,626,24916,528,528
Screenshot_20240715_225634_com.xiachufang.jpg,66,25578,528,528
Screenshot_20240715_225634_com.xiachufang.jpg,66,26390,528,528
Screenshot_20240715_225634_com.xiachufang.jpg,626,26390,528,528
Screenshot_20240715_225634_com.xiachufang.jpg,66,27202,528,528
Screenshot_20240715_225634_com.xiachufang.jpg,626,27202,528,528
Screenshot_20240715_225634_com.xiachufang.jpg,66,28452,528,528
Screenshot_20240715_225634_com.xiachufang.jpg,626,28452,528,528
Screenshot_20240715_225634_com.xiachufang.jpg,66,29264,528,528
Screenshot_20240715_225634_com.xiachufang.jpg,66,30076,528,528
Screenshot_20240715_225634_com.xiachufang.jpg,66,31326,528,528
Screenshot_20240715_225634_com.xiachufang.jpg,626,31326,528,528
Screenshot_20240715_225634_com.xiachufang.jpg,66,32138,528,528
Screenshot_20240715_225634_com.xiachufang.jpg,626,32138,528,528
Screenshot_20240715_225634_com.xiachufang.jpg,66,32950,528,528
Screenshot_20240715_225634_com.xiachufang.jpg,66,34202,528,528
Screenshot_20240715_225634_com.xiachufang.jpg,626,34202,528,528
Screenshot_20240715_225634_com.xiachufang.jpg,66,34864,528,528
Screenshot_20240715_225634_com.xiachufang.jpg,66,35676,528,528
Screenshot_20240715_225634_com.xiachufang.jpg,626,35676,528,528
Screenshot_20240715_225634_com.xiachufang.jpg,66,36488,528,528
Screenshot_20240715_225634_com.xiachufang.jpg,626,36488,528,528
Screenshot_20240715_225746_com.xiachufang.jpg,66,1148,528,528
Screenshot_20240715_225746_com.xiachufang.jpg,626,1148,528,528
Screenshot_20240715_225746_com.xiachufang.jpg,66,1960,528,528
Screenshot_20240715_225746_com.xiachufang.jpg,626,1960,528,528
Screenshot_20240715_225746_com.xiachufang.jpg,66,2772,528,528
Screenshot_20240715_225746_com.xiachufang.jpg,626,2772,528,528
Screenshot_20240715_225746_com.xiachufang.jpg,66,4022,528,528
Screenshot_20240715_225746_com.xiachufang.jpg,626,4022,528,528
Screenshot_20240715_225746_com.xiachufang.jpg,66,4834,528,528
Screenshot_20240715_225746_com.xiachufang.jpg,66,5646,528,528
Screenshot_20240715_225746_com.xiachufang.jpg,626,5646,528,528
Screenshot_20240715_225746_com.xiachufang.jpg,66,6896,528,528
Screenshot_20240715_225746_com.xiachufang.jpg,626,6896,528,528
Screenshot_20240715_225746_com.xiachufang.jpg,66,7708,528,528
Screenshot_20240715_225746_com.xiachufang.jpg,626,7708,528,528
Screenshot_20240715_225746_com.xiachufang.jpg,66,8520,528,528
Screenshot_20240715_225746_com.xiachufang.jpg,66,9332,528,528
Screenshot_20240715_225746_com.xiachufang.jpg,66,10582,528,528
Screenshot_20240715_225746_com.xiachufang.jpg,626,10582,528,528
Screenshot_20240715_225746_com.xiachufang.jpg,66,11394,528,528
Screenshot_20240715_225746_com.xiachufang.jpg,66,12206,528,528
Screenshot_20240715_225746_com.xiachufang.jpg,626,12206,528,528
Screenshot_20240715_225746_com.xiachufang.jpg,66,13456,528,528
Screenshot_20240715_225746_com.xiachufang.jpg,626,13456,528,528
Screenshot_20240715_225746_com.xiachufang.jpg,66,14268,528,528
Screenshot_20240715_225746_com.xiachufang.jpg,626,14268,528,528
Screenshot_20240715_225746_com.xiachufang.jpg,66,15080,528,528
Screenshot_20240715_225746_com.xiachufang.jpg,626,15080,528,528
Screenshot_20240715_225746_com.xiachufang.jpg,66,16402,528,528
Screenshot_20240715_225746_com.xiachufang.jpg,626,16402,528,528
Screenshot_20240715_225746_com.xiachufang.jpg,66,17214,528,528
Screenshot_20240715_225746_com.xiachufang.jpg,626,17214,528,528
Screenshot_20240715_225746_com.xiachufang.jpg,66,17878,528,528
Screenshot_20240715_225746_com.xiachufang.jpg,66,18690,528,528
Screenshot_20240715_225746_com.xiachufang.jpg,626,18690,528,528
Screenshot_20240715_225746_com.xiachufang.jpg,66,19940,528,528
Screenshot_20240715_225746_com.xiachufang.jpg,66,20822,528,528
Screenshot_20240715_225746_com.xiachufang.jpg,626,20822,528,528
Screenshot_20240715_225746_com.xiachufang.jpg,66,21634,528,528
Screenshot_20240715_225746_com.xiachufang.jpg,626,21634,528,528
Screenshot_20240715_225746_com.xiachufang.jpg,66,22446,528,528
Screenshot_20240715_225746_com.xiachufang.jpg,66,24590,528,528
Screenshot_20240715_225746_com.xiachufang.jpg,626,24590,528,528
Screenshot_20240715_225746_com.xiachufang.jpg,66,25254,528,528
Screenshot_20240715_225746_com.xiachufang.jpg,66,26958,528,528
Screenshot_20240715_225746_com.xiachufang.jpg,66,28662,528,528
Screenshot_20240715_225746_com.xiachufang.jpg,66,30368,528,528
Screenshot_20240715_225746_com.xiachufang.jpg,626,30368,528,528
Screenshot_20240715_225746_com.xiachufang.jpg,626,32512,528,528
Screenshot_20240715_225746_com.xiachufang.jpg,66,32512,528,528
Screenshot_20240715_225746_com.xiachufang.jpg,66,33174,528,528
Screenshot_20240715_225746_com.xiachufang.jpg,66,34880,528,528
Screenshot_20240715_225746_com.xiachufang.jpg,66,36584,528,528
Screenshot_20240715_225746_com.xiachufang.jpg,66,38290,528,528
Screenshot_20240715_225746_com.xiachufang.jpg,626,38290,528,528
Screenshot_20240715_225746_com.xiachufang.jpg,66,38954,528,528
Screenshot_20240715_225847_com.xiachufang.jpg,66,2090,528,528
Screenshot_20240715_225847_com.xiachufang.jpg,626,2090,528,528
Screenshot_20240715_225847_com.xiachufang.jpg,66,2754,528,528
Screenshot_20240715_225847_com.xiachufang.jpg,66,4458,528,528
Screenshot_20240715_225847_com.xiachufang.jpg,66,6164,528,528
Screenshot_20240715_225847_com.xiachufang.jpg,66,7868,528,528
Screenshot_20240715_225847_com.xiachufang.jpg,626,7868,528,528
Screenshot_20240715_225847_com.xiachufang.jpg,66,8604,528,528
Screenshot_20240715_225847_com.xiachufang.jpg,66,10746,528,528
Screenshot_20240715_225847_com.xiachufang.jpg,626,10746,528,528
Screenshot_20240715_225847_com.xiachufang.jpg,66,11410,528,528
Screenshot_20240715_225847_com.xiachufang.jpg,66,13116,528,528
Screenshot_20240715_225847_com.xiachufang.jpg,626,13116,528,528
Screenshot_20240715_225847_com.xiachufang.jpg,66,13780,528,528
Screenshot_20240715_225847_com.xiachufang.jpg,66,15484,528,528
Screenshot_20240715_225847_com.xiachufang.jpg,66,17190,528,528
Screenshot_20240715_225847_com.xiachufang.jpg,626,17190,528,528
Screenshot_20240715_225847_com.xiachufang.jpg,66,19332,528,528
Screenshot_20240715_225847_com.xiachufang.jpg,626,19332,528,528
Screenshot_20240715_225847_com.xiachufang.jpg,66,21038,528,528
Screenshot_20240715_225847_com.xiachufang.jpg,626,21038,528,528
Screenshot_20240715_225847_com.xiachufang.jpg,66,22742,528,528
Screenshot_20240715_225847_com.xiachufang.jpg,66,24448,528,528
Screenshot_20240715_225847_com.xiachufang.jpg,626,24448,528,528
Screenshot_20240715_225847_com.xiachufang.jpg,66,25112,528,528
Screenshot_20240715_225847_com.xiachufang.jpg,66,27254,528,528
Screenshot_20240715_225847_com.xiachufang.jpg,626,27254,528,528
Screenshot_20240715_225847_com.xiachufang.jpg,66,28960,528,528
Screenshot_20240715_225847_com.xiachufang.jpg,66,30664,528,528
Screenshot_20240715_225847_com.xiachufang.jpg,66,32370,528,528
Screenshot_20240715_225847_com.xiachufang.jpg,626,32370,528,528
Screenshot_20240715_225847_com.xiachufang.jpg,66,33034,528,528
Screenshot_20240715_230007_com.xiachufang.jpg,66,2100,528,528
Screenshot_20240715_230007_com.xiachufang.jpg,626,2100,528,528
Screenshot_20240715_230007_com.xiachufang.jpg,66,3804,528,528
Screenshot_20240715_230007_com.xiachufang.jpg,626,3804,528,528
Screenshot_20240715_230007_com.xiachufang.jpg,66,4468,528,528
Screenshot_20240715_230007_com.xiachufang.jpg,66,6179,528,528
Screenshot_20240715_230007_com.xiachufang.jpg,66,7880,528,528
Screenshot_20240715_230007_com.xiachufang.jpg,626,7880,528,528
Screenshot_20240715_230007_com.xiachufang.jpg,66,9128,528,528
Screenshot_20240715_230007_com.xiachufang.jpg,66,9940,528,528
Screenshot_20240715_230007_com.xiachufang.jpg,66,10824,528,528
Screenshot_20240715_230007_com.xiachufang.jpg,66,12144,528,528
Screenshot_20240715_230007_com.xiachufang.jpg,66,12956,528,528
Screenshot_20240715_230007_com.xiachufang.jpg,66,13840,528,528
Screenshot_20240715_230007_com.xiachufang.jpg,626,13840,528,528
Screenshot_20240715_230007_com.xiachufang.jpg,66,15160,528,528
Screenshot_20240715_230007_com.xiachufang.jpg,66,16044,528,528
Screenshot_20240715_230007_com.xiachufang.jpg,66,16926,528,528
Screenshot_20240715_230007_com.xiachufang.jpg,66,18248,528,528
Screenshot_20240715_230007_com.xiachufang.jpg,66,19060,528,528
Screenshot_20240715_230007_com.xiachufang.jpg,66,19942,528,528
Screenshot_20240715_230007_com.xiachufang.jpg,626,19942,528,528
Screenshot_20240715_230007_com.xiachufang.jpg,66,21264,528,528
Screenshot_20240715_230007_com.xiachufang.jpg,66,22146,528,528
Screenshot_20240715_230007_com.xiachufang.jpg,66,23030,528,528
Screenshot_20240715_230007_com.xiachufang.jpg,626,23030,528,528
Screenshot_20240715_230007_com.xiachufang.jpg,66,24280,528,528
Screenshot_20240715_230007_com.xiachufang.jpg,66,25092,528,528
Screenshot_20240715_230007_com.xiachufang.jpg,66,25904,528,528
Screenshot_20240715_230007_com.xiachufang.jpg,626,25904,528,528
Screenshot_20240715_230007_com.xiachufang.jpg,66,27224,528,528
Screenshot_20240715_230007_com.xiachufang.jpg,66,28036,528,528
Screenshot_20240715_230007_com.xiachufang.jpg,626,28920,528,528
Screenshot_20240715_230007_com.xiachufang.jpg,66,28919,528,528
Screenshot_20240715_230007_com.xiachufang.jpg,66,29584,528,528
Screenshot_20240715_230007_com.xiachufang.jpg,66,30834,528,528
Screenshot_20240715_230007_com.xiachufang.jpg,66,31716,528,528
Screenshot_20240715_230007_com.xiachufang.jpg,626,31716,528,528
Screenshot_20240715_230007_com.xiachufang.jpg,66,32600,528,528
Screenshot_20240715_230007_com.xiachufang.jpg,66,33920,528,528
Screenshot_20240715_230007_com.xiachufang.jpg,66,34804,528,528
Screenshot_20240715_230007_com.xiachufang.jpg,66,35616,528,528
Screenshot_20240715_230007_com.xiachufang.jpg,626,35616,528,528
Screenshot_20240715_230007_com.xiachufang.jpg,66,36498,528,528
Screenshot_20240715_230007_com.xiachufang.jpg,66,37820,528,528
Screenshot_20240715_230007_com.xiachufang.jpg,66,38702,528,528
Screenshot_20240715_230007_com.xiachufang.jpg,66,39586,528,528
Screenshot_20240715_230007_com.xiachufang.jpg,626,39586,528,528
Screenshot_20240715_230115_com.xiachufang.jpg,66,1174,528,528
Screenshot_20240715_230115_com.xiachufang.jpg,66,2058,528,528
Screenshot_20240715_230115_com.xiachufang.jpg,626,2058,528,528
Screenshot_20240715_230115_com.xiachufang.jpg,66,2792,528,528
Screenshot_20240715_230115_com.xiachufang.jpg,66,3604,528,528
Screenshot_20240715_230115_com.xiachufang.jpg,626,3604,528,528
Screenshot_20240715_230115_com.xiachufang.jpg,66,4926,528,528
Screenshot_20240715_230115_com.xiachufang.jpg,626,4926,528,528
Screenshot_20240715_230115_com.xiachufang.jpg,66,5808,528,528
Screenshot_20240715_230115_com.xiachufang.jpg,626,5808,528,528
Screenshot_20240715_230115_com.xiachufang.jpg,66,6692,528,528
Screenshot_20240715_230115_com.xiachufang.jpg,66,8012,528,528
Screenshot_20240715_230115_com.xiachufang.jpg,66,8896,528,528
Screenshot_20240715_230115_com.xiachufang.jpg,626,8896,528,528
Screenshot_20240715_230115_com.xiachufang.jpg,66,9778,528,528
Screenshot_20240715_230115_com.xiachufang.jpg,626,9778,528,528
Screenshot_20240715_230115_com.xiachufang.jpg,66,11100,528,528
Screenshot_20240715_230115_com.xiachufang.jpg,626,11100,528,528
Screenshot_20240715_230115_com.xiachufang.jpg,66,11912,528,528
Screenshot_20240715_230115_com.xiachufang.jpg,626,11912,528,528
Screenshot_20240715_230115_com.xiachufang.jpg,66,12724,528,528
Screenshot_20240715_230115_com.xiachufang.jpg,626,12724,528,528
Screenshot_20240715_230115_com.xiachufang.jpg,66,13388,528,528
Screenshot_20240715_230115_com.xiachufang.jpg,66,15530,528,528
Screenshot_20240715_230115_com.xiachufang.jpg,626,15530,528,528
Screenshot_20240715_230115_com.xiachufang.jpg,66,17306,528,528
Screenshot_20240715_230115_com.xiachufang.jpg,626,17306,528,528
Screenshot_20240715_230115_com.xiachufang.jpg,66,19012,528,528
Screenshot_20240715_230115_com.xiachufang.jpg,626,19012,528,528
Screenshot_20240715_230115_com.xiachufang.jpg,66,21226,528,528
Screenshot_20240715_230115_com.xiachufang.jpg,66,23002,528,528
Screenshot_20240715_230115_com.xiachufang.jpg,626,23002,528,528
Screenshot_20240715_230115_com.xiachufang.jpg,66,23666,528,528
Screenshot_20240715_230115_com.xiachufang.jpg,626,23666,528,528
Screenshot_20240715_230115_com.xiachufang.jpg,66,25370,528,528
Screenshot_20240715_230115_com.xiachufang.jpg,626,27514,528,528
Screenshot_20240715_230115_com.xiachufang.jpg,66,29290,528,528
Screenshot_20240715_230115_com.xiachufang.jpg,626,29290,528,528
Screenshot_20240715_230115_com.xiachufang.jpg,66,29954,528,528
Screenshot_20240715_230115_com.xiachufang.jpg,66,31658,528,528
Screenshot_20240715_230115_com.xiachufang.jpg,626,31658,528,528
Screenshot_20240715_230115_com.xiachufang.jpg,66,32323,528,528
Screenshot_20240715_230115_com.xiachufang.jpg,66,34466,528,528
Screenshot_20240715_230115_com.xiachufang.jpg,66,36242,528,528
Screenshot_20240715_230115_com.xiachufang.jpg,626,36242,528,528
Screenshot_20240715_230115_com.xiachufang.jpg,66,36906,528,528
Screenshot_20240715_230115_com.xiachufang.jpg,66,38610,528,528
Screenshot_20240715_230115_com.xiachufang.jpg,626,38610,528,528
Screenshot_20240715_230115_com.xiachufang.jpg,626,25366,528,528
Screenshot_20240715_230115_com.xiachufang.jpg,66,27504,528,528
Screenshot_20240715_230115_com.xiachufang.jpg,626,32323,528,528
Screenshot_20240715_230224_com.xiachufang.jpg,66,2088,528,528
Screenshot_20240715_230224_com.xiachufang.jpg,626,2088,528,528
Screenshot_20240715_230224_com.xiachufang.jpg,66,3864,528,528
Screenshot_20240715_230224_com.xiachufang.jpg,626,3864,528,528
Screenshot_20240715_230224_com.xiachufang.jpg,66,5570,528,528
Screenshot_20240715_230224_com.xiachufang.jpg,626,5570,528,528
Screenshot_20240715_230224_com.xiachufang.jpg,66,7712,528,528
Screenshot_20240715_230224_com.xiachufang.jpg,626,7712,528,528
Screenshot_20240715_230224_com.xiachufang.jpg,66,9418,528,528
Screenshot_20240715_230224_com.xiachufang.jpg,626,9424,528,528
Screenshot_20240715_230224_com.xiachufang.jpg,66,11122,528,528
Screenshot_20240715_230224_com.xiachufang.jpg,626,11122,528,528
Screenshot_20240715_230224_com.xiachufang.jpg,66,11786,528,528
Screenshot_20240715_230224_com.xiachufang.jpg,66,13930,528,528
Screenshot_20240715_230224_com.xiachufang.jpg,626,13930,528,528
Screenshot_20240715_230224_com.xiachufang.jpg,66,15634,528,528
Screenshot_20240715_230224_com.xiachufang.jpg,626,15634,528,528
Screenshot_20240715_230224_com.xiachufang.jpg,66,17340,528,528
Screenshot_20240715_230224_com.xiachufang.jpg,626,17337,528,528
Screenshot_20240715_230224_com.xiachufang.jpg,66,18004,528,528
Screenshot_20240715_230224_com.xiachufang.jpg,66,20146,528,528
Screenshot_20240715_230224_com.xiachufang.jpg,626,20146,528,528
Screenshot_20240715_230224_com.xiachufang.jpg,66,21922,528,528
Screenshot_20240715_230224_com.xiachufang.jpg,626,21922,528,528
Screenshot_20240715_230224_com.xiachufang.jpg,66,23698,528,528
Screenshot_20240715_230224_com.xiachufang.jpg,626,23698,528,528
Screenshot_20240715_230224_com.xiachufang.jpg,66,24362,528,528
Screenshot_20240715_230224_com.xiachufang.jpg,626,24362,528,528
Screenshot_20240715_230224_com.xiachufang.jpg,66,26506,528,528
Screenshot_20240715_230224_com.xiachufang.jpg,626,26506,528,528
Screenshot_20240715_230224_com.xiachufang.jpg,66,27170,528,528
Screenshot_20240715_230224_com.xiachufang.jpg,66,28874,528,528
Screenshot_20240715_230224_com.xiachufang.jpg,626,28874,528,528
Screenshot_20240715_230224_com.xiachufang.jpg,66,29538,528,528
Screenshot_20240715_230224_com.xiachufang.jpg,66,31244,528,528
Screenshot_20240715_230224_com.xiachufang.jpg,626,31244,528,528
Screenshot_20240715_230224_com.xiachufang.jpg,66,31908,528,528
Screenshot_20240715_230224_com.xiachufang.jpg,66,34050,528,528
Screenshot_20240715_230224_com.xiachufang.jpg,626,34050,528,528
Screenshot_20240715_230224_com.xiachufang.jpg,66,35826,528,528
Screenshot_20240715_230224_com.xiachufang.jpg,626,35826,528,528
Screenshot_20240715_230224_com.xiachufang.jpg,66,37532,528,528
Screenshot_20240715_230224_com.xiachufang.jpg,626,37532,528,528
Screenshot_20240715_230224_com.xiachufang.jpg,66,38196,528,528
Screenshot_20240715_230326_com.xiachufang.jpg,66,2078,528,528
Screenshot_20240715_230326_com.xiachufang.jpg,66,3854,528,528
Screenshot_20240715_230326_com.xiachufang.jpg,626,3854,528,528
Screenshot_20240715_230326_com.xiachufang.jpg,66,4518,528,528
Screenshot_20240715_230326_com.xiachufang.jpg,66,6224,528,528
Screenshot_20240715_230326_com.xiachufang.jpg,626,6224,528,528
Screenshot_20240715_230326_com.xiachufang.jpg,66,8366,528,528
Screenshot_20240715_230326_com.xiachufang.jpg,626,8366,528,528
Screenshot_20240715_230326_com.xiachufang.jpg,66,10142,528,528
Screenshot_20240715_230326_com.xiachufang.jpg,66,11848,528,528
Screenshot_20240715_230326_com.xiachufang.jpg,626,11848,528,528
Screenshot_20240715_230326_com.xiachufang.jpg,66,13990,528,528
Screenshot_20240715_230326_com.xiachufang.jpg,66,15766,528,528
Screenshot_20240715_230326_com.xiachufang.jpg,626,15766,528,528
Screenshot_20240715_230326_com.xiachufang.jpg,66,17472,528,528
Screenshot_20240715_230326_com.xiachufang.jpg,626,17472,528,528
Screenshot_20240715_230326_com.xiachufang.jpg,66,18136,528,528
Screenshot_20240715_230326_com.xiachufang.jpg,626,18136,528,528
Screenshot_20240715_230326_com.xiachufang.jpg,66,20278,528,528
Screenshot_20240715_230326_com.xiachufang.jpg,626,20278,528,528
Screenshot_20240715_230326_com.xiachufang.jpg,66,20942,528,528
Screenshot_20240715_230326_com.xiachufang.jpg,66,22648,528,528
Screenshot_20240715_230326_com.xiachufang.jpg,626,22648,528,528
Screenshot_20240715_230326_com.xiachufang.jpg,66,24352,528,528
Screenshot_20240715_230326_com.xiachufang.jpg,626,24352,528,528
Screenshot_20240715_230326_com.xiachufang.jpg,66,25016,528,528
Screenshot_20240715_230326_com.xiachufang.jpg,626,27157,528,528
Screenshot_20240715_230326_com.xiachufang.jpg,66,27157,528,528
Screenshot_20240715_230326_com.xiachufang.jpg,66,27824,528,528
Screenshot_20240715_230326_com.xiachufang.jpg,626,27824,528,528
Screenshot_20240715_230326_com.xiachufang.jpg,66,29528,528,528
Screenshot_20240715_230326_com.xiachufang.jpg,626,29536,528,528
Screenshot_20240715_230326_com.xiachufang.jpg,66,30192,528,528
Screenshot_20240715_230326_com.xiachufang.jpg,626,30184,528,528
Screenshot_20240715_230326_com.xiachufang.jpg,66,31898,528,528
Screenshot_20240715_230326_com.xiachufang.jpg,626,31898,528,528
Screenshot_20240715_230326_com.xiachufang.jpg,626,32542,528,528
Screenshot_20240715_230326_com.xiachufang.jpg,66,32542,528,528
Screenshot_20240715_230326_com.xiachufang.jpg,66,34706,528,528
Screenshot_20240715_230326_com.xiachufang.jpg,626,34705,528,528
Screenshot_20240715_230326_com.xiachufang.jpg,626,35368,528,528
Screenshot_20240715_230326_com.xiachufang.jpg,66,35368,528,528
Screenshot_20240715_230326_com.xiachufang.jpg,66,37074,528,528
Screenshot_20240715_230326_com.xiachufang.jpg,626,37078,528,528
Screenshot_20240715_230326_com.xiachufang.jpg,626,37738,528,528
Screenshot_20240715_230326_com.xiachufang.jpg,66,37742,528,528
Screenshot_20240715_230326_com.xiachufang.jpg,66,39442,528,528
Screenshot_20240715_230326_com.xiachufang.jpg,626,39442,528,528
Screenshot_20240715_230326_com.xiachufang.jpg,66,40106,528,528
Screenshot_20240715_230326_com.xiachufang.jpg,626,40105,528,528
Screenshot_20240715_230429_com.xiachufang.jpg,626,2098,528,528
Screenshot_20240715_230429_com.xiachufang.jpg,66,2084,528,528
Screenshot_20240715_230429_com.xiachufang.jpg,66,4466,528,528
Screenshot_20240715_230429_com.xiachufang.jpg,626,4466,528,528
Screenshot_20240715_230429_com.xiachufang.jpg,626,5130,528,528
Screenshot_20240715_230429_com.xiachufang.jpg,66,5125,528,528
Screenshot_20240715_230429_com.xiachufang.jpg,66,6840,528,528
Screenshot_20240715_230429_com.xiachufang.jpg,626,6836,528,528
Screenshot_20240715_230429_com.xiachufang.jpg,66,7495,528,528
Screenshot_20240715_230429_com.xiachufang.jpg,66,9640,528,528
Screenshot_20240715_230429_com.xiachufang.jpg,626,9644,528,528
Screenshot_20240715_230429_com.xiachufang.jpg,626,10306,528,528
Screenshot_20240715_230429_com.xiachufang.jpg,66,12012,528,528
Screenshot_20240715_230429_com.xiachufang.jpg,626,13788,528,528
Screenshot_20240715_230429_com.xiachufang.jpg,66,13792,528,528
Screenshot_20240715_230429_com.xiachufang.jpg,66,14452,528,528
Screenshot_20240715_230429_com.xiachufang.jpg,626,14447,528,528
Screenshot_20240715_230429_com.xiachufang.jpg,66,16594,528,528
Screenshot_20240715_230429_com.xiachufang.jpg,626,16595,528,528
Screenshot_20240715_230429_com.xiachufang.jpg,66,17251,528,528
Screenshot_20240715_230429_com.xiachufang.jpg,66,18964,528,528
Screenshot_20240715_230429_com.xiachufang.jpg,626,18958,528,528
Screenshot_20240715_230429_com.xiachufang.jpg,626,19628,528,528
Screenshot_20240715_230429_com.xiachufang.jpg,66,19629,528,528
Screenshot_20240715_230429_com.xiachufang.jpg,66,21332,528,528
Screenshot_20240715_230429_com.xiachufang.jpg,626,21332,528,528
Screenshot_20240715_230429_com.xiachufang.jpg,626,21996,528,528
Screenshot_20240715_230429_com.xiachufang.jpg,66,21995,528,528
Screenshot_20240715_230429_com.xiachufang.jpg,66,24140,528,528
Screenshot_20240715_230429_com.xiachufang.jpg,626,24140,528,528
Screenshot_20240715_230429_com.xiachufang.jpg,66,24804,528,528
Screenshot_20240715_230429_com.xiachufang.jpg,626,24804,528,528
Screenshot_20240715_230429_com.xiachufang.jpg,66,26508,528,528
Screenshot_20240715_230429_com.xiachufang.jpg,626,26510,528,528
Screenshot_20240715_230429_com.xiachufang.jpg,66,27177,528,528
Screenshot_20240715_230429_com.xiachufang.jpg,626,27173,528,528
Screenshot_20240715_230429_com.xiachufang.jpg,626,28876,528,528
Screenshot_20240715_230429_com.xiachufang.jpg,66,28878,528,528
Screenshot_20240715_230429_com.xiachufang.jpg,626,29540,528,528
Screenshot_20240715_230429_com.xiachufang.jpg,66,29542,528,528
Screenshot_20240715_230429_com.xiachufang.jpg,626,31684,528,528
Screenshot_20240715_230429_com.xiachufang.jpg,66,31684,528,528
Screenshot_20240715_230429_com.xiachufang.jpg,66,32348,528,528
Screenshot_20240715_230429_com.xiachufang.jpg,626,32348,528,528
Screenshot_20240715_230429_com.xiachufang.jpg,626,34054,528,528
Screenshot_20240715_230429_com.xiachufang.jpg,66,34055,528,528
Screenshot_20240715_230429_com.xiachufang.jpg,66,34721,528,528
Screenshot_20240715_230429_com.xiachufang.jpg,626,34721,528,528
Screenshot_20240715_230429_com.xiachufang.jpg,66,36422,528,528
Screenshot_20240715_230429_com.xiachufang.jpg,626,36418,528,528
Screenshot_20240715_230429_com.xiachufang.jpg,626,37095,528,528
Screenshot_20240715_230429_com.xiachufang.jpg,66,37095,528,528
Screenshot_20240715_230429_com.xiachufang.jpg,66,2773,528,528
Screenshot_20240715_230429_com.xiachufang.jpg,626,7499,528,528
Screenshot_20240715_230429_com.xiachufang.jpg,66,10307,528,528
Screenshot_20240715_230429_com.xiachufang.jpg,626,12014,528,528
Screenshot_20240715_230531_com.xiachufang.jpg,66,2126,528,528
Screenshot_20240715_230531_com.xiachufang.jpg,626,2126,528,528
Screenshot_20240715_230531_com.xiachufang.jpg,66,3902,528,528
Screenshot_20240715_230531_com.xiachufang.jpg,626,3902,528,528
Screenshot_20240715_230531_com.xiachufang.jpg,66,4566,528,528
Screenshot_20240715_230531_com.xiachufang.jpg,626,4566,528,528
Screenshot_20240715_230531_com.xiachufang.jpg,66,6272,528,528
Screenshot_20240715_230531_com.xiachufang.jpg,626,6272,528,528
Screenshot_20240715_230531_com.xiachufang.jpg,66,6936,528,528
Screenshot_20240715_230531_com.xiachufang.jpg,626,6936,528,528
Screenshot_20240715_230531_com.xiachufang.jpg,66,9078,528,528
Screenshot_20240715_230531_com.xiachufang.jpg,626,9081,528,528
Screenshot_20240715_230531_com.xiachufang.jpg,66,9742,528,528
Screenshot_20240715_230531_com.xiachufang.jpg,66,11518,528,528
Screenshot_20240715_230531_com.xiachufang.jpg,626,11518,528,528
Screenshot_20240715_230531_com.xiachufang.jpg,66,12182,528,528
Screenshot_20240715_230531_com.xiachufang.jpg,626,12182,528,528
Screenshot_20240715_230531_com.xiachufang.jpg,66,13888,528,528
Screenshot_20240715_230531_com.xiachufang.jpg,626,13888,528,528
Screenshot_20240715_230531_com.xiachufang.jpg,66,14552,528,528
Screenshot_20240715_230531_com.xiachufang.jpg,626,14552,528,528
Screenshot_20240715_230531_com.xiachufang.jpg,66,16694,528,528
Screenshot_20240715_230531_com.xiachufang.jpg,626,16694,528,528
Screenshot_20240715_230531_com.xiachufang.jpg,66,18470,528,528
Screenshot_20240715_230531_com.xiachufang.jpg,626,18470,528,528
Screenshot_20240715_230531_com.xiachufang.jpg,626,19134,528,528
Screenshot_20240715_230531_com.xiachufang.jpg,66,19138,528,528
Screenshot_20240715_230531_com.xiachufang.jpg,66,20840,528,528
Screenshot_20240715_230531_com.xiachufang.jpg,626,20840,528,528
Screenshot_20240715_230531_com.xiachufang.jpg,626,21504,528,528
Screenshot_20240715_230531_com.xiachufang.jpg,66,21508,528,528
Screenshot_20240715_230531_com.xiachufang.jpg,66,23646,528,528
Screenshot_20240715_230531_com.xiachufang.jpg,626,23644,528,528
Screenshot_20240715_230531_com.xiachufang.jpg,626,24310,528,528
Screenshot_20240715_230531_com.xiachufang.jpg,66,24314,528,528
Screenshot_20240715_230531_com.xiachufang.jpg,66,26014,528,528
Screenshot_20240715_230531_com.xiachufang.jpg,626,26014,528,528
Screenshot_20240715_230531_com.xiachufang.jpg,66,26680,528,528
Screenshot_20240715_230531_com.xiachufang.jpg,626,26680,528,528
Screenshot_20240715_230531_com.xiachufang.jpg,66,28384,528,528
Screenshot_20240715_230531_com.xiachufang.jpg,626,28384,528,528
Screenshot_20240715_230531_com.xiachufang.jpg,66,29048,528,528
Screenshot_20240715_230531_com.xiachufang.jpg,66,31262,528,528
Screenshot_20240715_230531_com.xiachufang.jpg,626,31262,528,528
Screenshot_20240715_230531_com.xiachufang.jpg,66,31926,528,528
Screenshot_20240715_230531_com.xiachufang.jpg,626,31926,528,528
Screenshot_20240715_230531_com.xiachufang.jpg,66,33632,528,528
Screenshot_20240715_230531_com.xiachufang.jpg,626,33632,528,528
Screenshot_20240715_230531_com.xiachufang.jpg,66,35336,528,528
Screenshot_20240715_230531_com.xiachufang.jpg,626,35336,528,528
Screenshot_20240715_230531_com.xiachufang.jpg,66,36000,528,528
Screenshot_20240715_230531_com.xiachufang.jpg,626,36000,528,528
Screenshot_20240715_230531_com.xiachufang.jpg,66,36664,528,528
Screenshot_20240715_230644_com.xiachufang.jpg,66,2106,528,528
Screenshot_20240715_230644_com.xiachufang.jpg,626,2106,528,528
Screenshot_20240715_230644_com.xiachufang.jpg,66,2770,528,528
Screenshot_20240715_230644_com.xiachufang.jpg,66,4473,528,528
Screenshot_20240715_230644_com.xiachufang.jpg,626,4476,528,528
Screenshot_20240715_230644_com.xiachufang.jpg,66,5140,528,528
Screenshot_20240715_230644_com.xiachufang.jpg,626,5144,528,528
Screenshot_20240715_230644_com.xiachufang.jpg,66,6844,528,528
Screenshot_20240715_230644_com.xiachufang.jpg,626,6844,528,528
Screenshot_20240715_230644_com.xiachufang.jpg,66,7510,528,528
Screenshot_20240715_230644_com.xiachufang.jpg,66,9652,528,528
Screenshot_20240715_230644_com.xiachufang.jpg,66,10316,528,528
Screenshot_20240715_230644_com.xiachufang.jpg,626,10316,528,528
Screenshot_20240715_230644_com.xiachufang.jpg,66,12020,528,528
Screenshot_20240715_230644_com.xiachufang.jpg,626,12020,528,528
Screenshot_20240715_230644_com.xiachufang.jpg,626,12684,528,528
Screenshot_20240715_230644_com.xiachufang.jpg,66,12690,528,528
Screenshot_20240715_230644_com.xiachufang.jpg,66,14390,528,528
Screenshot_20240715_230644_com.xiachufang.jpg,626,14390,528,528
Screenshot_20240715_230644_com.xiachufang.jpg,626,15058,528,528
Screenshot_20240715_230644_com.xiachufang.jpg,66,15058,528,528
Screenshot_20240715_230644_com.xiachufang.jpg,626,9646,528,528
Screenshot_20240716_095225_com.xiachufang.jpg,66,1722,528,528
Screenshot_20240716_095225_com.xiachufang.jpg,66,2534,528,528
Screenshot_20240716_095225_com.xiachufang.jpg,626,2534,528,528
Screenshot_20240716_095225_com.xiachufang.jpg,66,3416,528,528
Screenshot_20240716_095225_com.xiachufang.jpg,626,3416,528,528
Screenshot_20240716_095225_com.xiachufang.jpg,66,4464,528,528
Screenshot_20240716_095225_com.xiachufang.jpg,66,5276,528,528
Screenshot_20240716_095225_com.xiachufang.jpg,626,5276,528,528
Screenshot_20240716_095225_com.xiachufang.jpg,66,6088,528,528
Screenshot_20240716_095225_com.xiachufang.jpg,626,6088,528,528
Screenshot_20240716_095225_com.xiachufang.jpg,66,7134,528,528
Screenshot_20240716_095225_com.xiachufang.jpg,66,8018,528,528
Screenshot_20240716_095225_com.xiachufang.jpg,626,8018,528,528
Screenshot_20240716_095225_com.xiachufang.jpg,66,8830,528,528
Screenshot_20240716_095225_com.xiachufang.jpg,626,8830,528,528
Screenshot_20240716_095225_com.xiachufang.jpg,66,9876,528,528
Screenshot_20240716_095225_com.xiachufang.jpg,66,10760,528,528
Screenshot_20240716_095225_com.xiachufang.jpg,626,10760,528,528
Screenshot_20240716_095225_com.xiachufang.jpg,66,11572,528,528
Screenshot_20240716_095225_com.xiachufang.jpg,626,11572,528,528
Screenshot_20240716_095225_com.xiachufang.jpg,66,12618,528,528
Screenshot_20240716_095225_com.xiachufang.jpg,626,12618,528,528
Screenshot_20240716_095225_com.xiachufang.jpg,66,13430,528,528
Screenshot_20240716_095225_com.xiachufang.jpg,626,13430,528,528
Screenshot_20240716_095225_com.xiachufang.jpg,66,14242,528,528
Screenshot_20240716_095225_com.xiachufang.jpg,626,14242,528,528
Screenshot_20240716_095225_com.xiachufang.jpg,66,15290,528,528
Screenshot_20240716_095225_com.xiachufang.jpg,66,16102,528,528
Screenshot_20240716_095225_com.xiachufang.jpg,626,16102,528,528
Screenshot_20240716_095225_com.xiachufang.jpg,66,16914,528,528
Screenshot_20240716_095225_com.xiachufang.jpg,626,16914,528,528
Screenshot_20240716_095225_com.xiachufang.jpg,66,17960,528,528
Screenshot_20240716_095225_com.xiachufang.jpg,66,18844,528,528
Screenshot_20240716_095225_com.xiachufang.jpg,626,18844,528,528
Screenshot_20240716_095225_com.xiachufang.jpg,66,19726,528,528
Screenshot_20240716_095225_com.xiachufang.jpg,626,19748,528,528
Screenshot_20240716_095225_com.xiachufang.jpg,66,20774,528,528
Screenshot_20240716_095225_com.xiachufang.jpg,626,20774,528,528
Screenshot_20240716_095225_com.xiachufang.jpg,66,21586,528,528
Screenshot_20240716_095225_com.xiachufang.jpg,626,21586,528,528
Screenshot_20240716_095225_com.xiachufang.jpg,66,22468,528,528
Screenshot_20240716_095225_com.xiachufang.jpg,626,22468,528,528
Screenshot_20240716_095225_com.xiachufang.jpg,66,23516,528,528
Screenshot_20240716_095225_com.xiachufang.jpg,626,23516,528,528
Screenshot_20240716_095225_com.xiachufang.jpg,66,24328,528,528
Screenshot_20240716_095225_com.xiachufang.jpg,626,24328,528,528
Screenshot_20240716_095225_com.xiachufang.jpg,66,25140,528,528
Screenshot_20240716_095225_com.xiachufang.jpg,66,26258,528,528
Screenshot_20240716_095225_com.xiachufang.jpg,626,26252,528,528
Screenshot_20240716_095225_com.xiachufang.jpg,66,27070,528,528
Screenshot_20240716_095225_com.xiachufang.jpg,626,27070,528,528
Screenshot_20240716_095225_com.xiachufang.jpg,66,27734,528,528
Screenshot_20240716_095225_com.xiachufang.jpg,66,28546,528,528
Screenshot_20240716_095225_com.xiachufang.jpg,626,28546,528,528
Screenshot_20240716_095225_com.xiachufang.jpg,66,29592,528,528
Screenshot_20240716_095225_com.xiachufang.jpg,66,30476,528,528
Screenshot_20240716_095225_com.xiachufang.jpg,626,30476,528,528
Screenshot_20240716_095225_com.xiachufang.jpg,66,31288,528,528
Screenshot_20240716_095225_com.xiachufang.jpg,626,31288,528,528
Screenshot_20240716_095225_com.xiachufang.jpg,66,32334,528,528
Screenshot_20240716_095225_com.xiachufang.jpg,626,32334,528,528
Screenshot_20240716_095225_com.xiachufang.jpg,66,33146,528,528
Screenshot_20240716_095225_com.xiachufang.jpg,626,33146,528,528
Screenshot_20240716_095225_com.xiachufang.jpg,66,34030,528,528
Screenshot_20240716_095225_com.xiachufang.jpg,626,34030,528,528
Screenshot_20240716_095225_com.xiachufang.jpg,66,35076,528,528
Screenshot_20240716_095225_com.xiachufang.jpg,66,35960,528,528
Screenshot_20240716_095225_com.xiachufang.jpg,626,35960,528,528
Screenshot_20240716_095225_com.xiachufang.jpg,66,36772,528,528
Screenshot_20240716_095225_com.xiachufang.jpg,626,36772,528,528
Screenshot_20240716_095225_com.xiachufang.jpg,66,37818,528,528
Screenshot_20240716_095225_com.xiachufang.jpg,66,38630,528,528
Screenshot_20240716_095225_com.xiachufang.jpg,626,38630,528,528
Screenshot_20240716_095225_com.xiachufang.jpg,66,39442,528,528
Screenshot_20240716_095225_com.xiachufang.jpg,626,39442,528,528
Screenshot_20240716_095342_com.xiachufang.jpg,66,978,528,528
Screenshot_20240716_095342_com.xiachufang.jpg,626,978,528,528
Screenshot_20240716_095342_com.xiachufang.jpg,66,1790,528,528
Screenshot_20240716_095342_com.xiachufang.jpg,66,2602,528,528
Screenshot_20240716_095342_com.xiachufang.jpg,626,2602,528,528
Screenshot_20240716_095342_com.xiachufang.jpg,66,3648,528,528
Screenshot_20240716_095342_com.xiachufang.jpg,626,3648,528,528
Screenshot_20240716_095342_com.xiachufang.jpg,66,4460,528,528
Screenshot_20240716_095342_com.xiachufang.jpg,626,4460,528,528
Screenshot_20240716_095342_com.xiachufang.jpg,66,5272,528,528
Screenshot_20240716_095342_com.xiachufang.jpg,626,5272,528,528
Screenshot_20240716_095342_com.xiachufang.jpg,66,6320,528,528
Screenshot_20240716_095342_com.xiachufang.jpg,626,6320,528,528
Screenshot_20240716_095342_com.xiachufang.jpg,66,7132,528,528
Screenshot_20240716_095342_com.xiachufang.jpg,66,7944,528,528
Screenshot_20240716_095342_com.xiachufang.jpg,626,7944,528,528
Screenshot_20240716_095342_com.xiachufang.jpg,66,8990,528,528
Screenshot_20240716_095342_com.xiachufang.jpg,626,8990,528,528
Screenshot_20240716_095342_com.xiachufang.jpg,66,9802,528,528
Screenshot_20240716_095342_com.xiachufang.jpg,626,9802,528,528
Screenshot_20240716_095342_com.xiachufang.jpg,66,10614,528,528
Screenshot_20240716_095342_com.xiachufang.jpg,626,10614,528,528
Screenshot_20240716_095342_com.xiachufang.jpg,66,11732,528,528
Screenshot_20240716_095342_com.xiachufang.jpg,626,11732,528,528
Screenshot_20240716_095342_com.xiachufang.jpg,66,12544,528,528
Screenshot_20240716_095342_com.xiachufang.jpg,626,12544,528,528
Screenshot_20240716_095342_com.xiachufang.jpg,66,13208,528,528
Screenshot_20240716_095342_com.xiachufang.jpg,66,14020,528,528
Screenshot_20240716_095342_com.xiachufang.jpg,626,14020,528,528
Screenshot_20240716_095342_com.xiachufang.jpg,66,15068,528,528
Screenshot_20240716_095342_com.xiachufang.jpg,66,15950,528,528
Screenshot_20240716_095342_com.xiachufang.jpg,626,15950,528,528
Screenshot_20240716_095342_com.xiachufang.jpg,66,16762,528,528
Screenshot_20240716_095342_com.xiachufang.jpg,626,16762,528,528
Screenshot_20240716_095342_com.xiachufang.jpg,66,17426,528,528
Screenshot_20240716_095342_com.xiachufang.jpg,66,18474,528,528
Screenshot_20240716_095342_com.xiachufang.jpg,626,18474,528,528
Screenshot_20240716_095342_com.xiachufang.jpg,66,19286,528,528
Screenshot_20240716_095342_com.xiachufang.jpg,626,19286,528,528
Screenshot_20240716_095342_com.xiachufang.jpg,66,20098,528,528
Screenshot_20240716_095342_com.xiachufang.jpg,626,20098,528,528
Screenshot_20240716_095342_com.xiachufang.jpg,66,20762,528,528
Screenshot_20240716_095342_com.xiachufang.jpg,66,21808,528,528
Screenshot_20240716_095342_com.xiachufang.jpg,626,21808,528,528
Screenshot_20240716_095342_com.xiachufang.jpg,66,22472,528,528
Screenshot_20240716_095342_com.xiachufang.jpg,66,23284,528,528
Screenshot_20240716_095342_com.xiachufang.jpg,626,23284,528,528
Screenshot_20240716_095342_com.xiachufang.jpg,66,24096,528,528
Screenshot_20240716_095342_com.xiachufang.jpg,626,24096,528,528
Screenshot_20240716_095342_com.xiachufang.jpg,66,25142,528,528
Screenshot_20240716_095342_com.xiachufang.jpg,626,25144,528,528
Screenshot_20240716_095342_com.xiachufang.jpg,66,25808,528,528
Screenshot_20240716_095342_com.xiachufang.jpg,626,26618,528,528
Screenshot_20240716_095342_com.xiachufang.jpg,66,26611,528,528
Screenshot_20240716_095342_com.xiachufang.jpg,66,27430,528,528
Screenshot_20240716_095342_com.xiachufang.jpg,626,27433,528,528
Screenshot_20240716_095342_com.xiachufang.jpg,66,28096,528,528
Screenshot_20240716_095342_com.xiachufang.jpg,66,28908,528,528
Screenshot_20240716_095342_com.xiachufang.jpg,626,29954,528,528
Screenshot_20240716_095342_com.xiachufang.jpg,66,30618,528,528
Screenshot_20240716_095342_com.xiachufang.jpg,626,31430,528,528
Screenshot_20240716_095342_com.xiachufang.jpg,66,31437,528,528
Screenshot_20240716_095342_com.xiachufang.jpg,626,31544,528,528
Screenshot_20240716_095342_com.xiachufang.jpg,66,32248,528,528
Screenshot_20240716_095342_com.xiachufang.jpg,626,33055,528,528
Screenshot_20240716_095342_com.xiachufang.jpg,66,34107,528,528
Screenshot_20240716_095342_com.xiachufang.jpg,66,34912,528,528
Screenshot_20240716_095342_com.xiachufang.jpg,626,34907,528,528
Screenshot_20240716_095342_com.xiachufang.jpg,66,35870,528,528
Screenshot_20240716_095342_com.xiachufang.jpg,626,35870,528,528
Screenshot_20240716_095342_com.xiachufang.jpg,626,35870,528,528
Screenshot_20240716_095342_com.xiachufang.jpg,66,36538,528,528
Screenshot_20240716_095342_com.xiachufang.jpg,626,36538,528,528
Screenshot_20240716_095342_com.xiachufang.jpg,66,29951,528,528
Screenshot_20240716_095342_com.xiachufang.jpg,66,33055,528,528
Screenshot_20240716_095342_com.xiachufang.jpg,626,34107,528,528
Screenshot_20240716_095445_com.xiachufang.jpg,66,1009,528,528
Screenshot_20240716_095445_com.xiachufang.jpg,626,1002,528,528
Screenshot_20240716_095445_com.xiachufang.jpg,66,1666,528,528
Screenshot_20240716_095445_com.xiachufang.jpg,66,2478,528,528
Screenshot_20240716_095445_com.xiachufang.jpg,626,2478,528,528
Screenshot_20240716_095445_com.xiachufang.jpg,626,3289,528,528
Screenshot_20240716_095445_com.xiachufang.jpg,66,3292,528,528
Screenshot_20240716_095445_com.xiachufang.jpg,66,4102,528,528
Screenshot_20240716_095445_com.xiachufang.jpg,626,4099,528,528
Screenshot_20240716_095445_com.xiachufang.jpg,66,4766,528,528
Screenshot_20240716_095445_com.xiachufang.jpg,626,5814,528,528
Screenshot_20240716_095445_com.xiachufang.jpg,66,5815,528,528
Screenshot_20240716_095445_com.xiachufang.jpg,66,6478,528,528
Screenshot_20240716_095445_com.xiachufang.jpg,66,7290,528,528
Screenshot_20240716_095445_com.xiachufang.jpg,626,7290,528,528
Screenshot_20240716_095445_com.xiachufang.jpg,66,8116,528,528
Screenshot_20240716_095445_com.xiachufang.jpg,626,8102,528,528
Screenshot_20240716_095445_com.xiachufang.jpg,66,8914,528,528
Screenshot_20240716_095445_com.xiachufang.jpg,626,8914,528,528
Screenshot_20240716_095445_com.xiachufang.jpg,66,9960,528,528
Screenshot_20240716_095445_com.xiachufang.jpg,66,10844,528,528
Screenshot_20240716_095445_com.xiachufang.jpg,66,11656,528,528
Screenshot_20240716_095445_com.xiachufang.jpg,626,11656,528,528
Screenshot_20240716_095445_com.xiachufang.jpg,66,12538,528,528
Screenshot_20240716_095445_com.xiachufang.jpg,66,13586,528,528
Screenshot_20240716_095445_com.xiachufang.jpg,66,14468,528,528
Screenshot_20240716_095445_com.xiachufang.jpg,626,14468,528,528
Screenshot_20240716_095445_com.xiachufang.jpg,66,15352,528,528
Screenshot_20240716_095445_com.xiachufang.jpg,626,15352,528,528
Screenshot_20240716_095445_com.xiachufang.jpg,66,16016,528,528
Screenshot_20240716_095445_com.xiachufang.jpg,66,17062,528,528
Screenshot_20240716_095445_com.xiachufang.jpg,66,17946,528,528
Screenshot_20240716_095445_com.xiachufang.jpg,626,17946,528,528
Screenshot_20240716_095445_com.xiachufang.jpg,66,18680,528,528
Screenshot_20240716_095445_com.xiachufang.jpg,66,19492,528,528
Screenshot_20240716_095445_com.xiachufang.jpg,626,19492,528,528
Screenshot_20240716_095445_com.xiachufang.jpg,66,20156,528,528
Screenshot_20240716_095445_com.xiachufang.jpg,66,21204,528,528
Screenshot_20240716_095445_com.xiachufang.jpg,626,21204,528,528
Screenshot_20240716_095445_com.xiachufang.jpg,66,22086,528,528
Screenshot_20240716_095445_com.xiachufang.jpg,626,22086,528,528
Screenshot_20240716_095445_com.xiachufang.jpg,66,22822,528,528
Screenshot_20240716_095445_com.xiachufang.jpg,66,23634,528,528
Screenshot_20240716_095445_com.xiachufang.jpg,626,23634,528,528
Screenshot_20240716_095445_com.xiachufang.jpg,66,25344,528,528
Screenshot_20240716_095445_com.xiachufang.jpg,626,25344,528,528
Screenshot_20240716_095445_com.xiachufang.jpg,66,26156,528,528
Screenshot_20240716_095445_com.xiachufang.jpg,626,26156,528,528
Screenshot_20240716_095445_com.xiachufang.jpg,66,27038,528,528
Screenshot_20240716_095445_com.xiachufang.jpg,626,27038,528,528
Screenshot_20240716_095445_com.xiachufang.jpg,66,27702,528,528
Screenshot_20240716_095445_com.xiachufang.jpg,66,28750,528,528
Screenshot_20240716_095445_com.xiachufang.jpg,626,28750,528,528
Screenshot_20240716_095445_com.xiachufang.jpg,66,29562,528,528
Screenshot_20240716_095445_com.xiachufang.jpg,626,29562,528,528
Screenshot_20240716_095445_com.xiachufang.jpg,66,30374,528,528
Screenshot_20240716_095445_com.xiachufang.jpg,626,30374,528,528
Screenshot_20240716_095445_com.xiachufang.jpg,66,31038,528,528
Screenshot_20240716_095445_com.xiachufang.jpg,66,32084,528,528
Screenshot_20240716_095445_com.xiachufang.jpg,66,32968,528,528
Screenshot_20240716_095445_com.xiachufang.jpg,626,32968,528,528
Screenshot_20240716_095445_com.xiachufang.jpg,66,33850,528,528
Screenshot_20240716_095445_com.xiachufang.jpg,626,33850,528,528
Screenshot_20240716_095445_com.xiachufang.jpg,66,34968,528,528
Screenshot_20240716_095445_com.xiachufang.jpg,626,34968,528,528
Screenshot_20240716_095445_com.xiachufang.jpg,66,35852,528,528
Screenshot_20240716_095445_com.xiachufang.jpg,626,35852,528,528
Screenshot_20240716_095445_com.xiachufang.jpg,66,36734,528,528
Screenshot_20240716_095445_com.xiachufang.jpg,626,12535,528,528
Screenshot_20240716_095445_com.xiachufang.jpg,66,24302,528,528
Screenshot_20240716_095553_com.xiachufang.jpg,66,996,528,528
Screenshot_20240716_095553_com.xiachufang.jpg,66,1880,528,528
Screenshot_20240716_095553_com.xiachufang.jpg,626,1880,528,528
Screenshot_20240716_095553_com.xiachufang.jpg,66,2614,528,528
Screenshot_20240716_095553_com.xiachufang.jpg,66,3426,528,528
Screenshot_20240716_095553_com.xiachufang.jpg,626,3426,528,528
Screenshot_20240716_095553_com.xiachufang.jpg,66,4544,528,528
Screenshot_20240716_095553_com.xiachufang.jpg,66,5356,528,528
Screenshot_20240716_095553_com.xiachufang.jpg,66,6240,528,528
Screenshot_20240716_095553_com.xiachufang.jpg,626,6240,528,528
Screenshot_20240716_095553_com.xiachufang.jpg,66,7358,528,528
Screenshot_20240716_095553_com.xiachufang.jpg,66,8240,528,528
Screenshot_20240716_095553_com.xiachufang.jpg,66,9124,528,528
Screenshot_20240716_095553_com.xiachufang.jpg,626,9124,528,528
Screenshot_20240716_095553_com.xiachufang.jpg,66,10170,528,528
Screenshot_20240716_095553_com.xiachufang.jpg,66,10982,528,528
Screenshot_20240716_095553_com.xiachufang.jpg,66,11794,528,528
Screenshot_20240716_095553_com.xiachufang.jpg,626,11794,528,528
Screenshot_20240716_095553_com.xiachufang.jpg,66,12912,528,528
Screenshot_20240716_095553_com.xiachufang.jpg,66,13724,528,528
Screenshot_20240716_095553_com.xiachufang.jpg,626,14608,528,528
Screenshot_20240716_095553_com.xiachufang.jpg,66,14602,528,528
Screenshot_20240716_095553_com.xiachufang.jpg,66,15272,528,528
Screenshot_20240716_095553_com.xiachufang.jpg,66,16318,528,528
Screenshot_20240716_095553_com.xiachufang.jpg,66,17202,528,528
Screenshot_20240716_095553_com.xiachufang.jpg,626,17202,528,528
Screenshot_20240716_095553_com.xiachufang.jpg,66,18084,528,528
Screenshot_20240716_095553_com.xiachufang.jpg,66,19202,528,528
Screenshot_20240716_095553_com.xiachufang.jpg,66,20086,528,528
Screenshot_20240716_095553_com.xiachufang.jpg,66,20898,528,528
Screenshot_20240716_095553_com.xiachufang.jpg,626,20898,528,528
Screenshot_20240716_095553_com.xiachufang.jpg,66,21780,528,528
Screenshot_20240716_095553_com.xiachufang.jpg,66,22898,528,528
Screenshot_20240716_095553_com.xiachufang.jpg,66,23780,528,528
Screenshot_20240716_095553_com.xiachufang.jpg,66,24664,528,528
Screenshot_20240716_095553_com.xiachufang.jpg,626,24664,528,528
Screenshot_20240716_095553_com.xiachufang.jpg,66,25782,528,528
Screenshot_20240716_095553_com.xiachufang.jpg,66,26664,528,528
Screenshot_20240716_095553_com.xiachufang.jpg,626,26664,528,528
Screenshot_20240716_095553_com.xiachufang.jpg,66,27548,528,528
Screenshot_20240716_095553_com.xiachufang.jpg,626,27548,528,528
Screenshot_20240716_095553_com.xiachufang.jpg,66,28594,528,528
Screenshot_20240716_095553_com.xiachufang.jpg,66,29478,528,528
Screenshot_20240716_095553_com.xiachufang.jpg,626,29478,528,528
Screenshot_20240716_095553_com.xiachufang.jpg,66,30142,528,528
Screenshot_20240716_095553_com.xiachufang.jpg,66,30954,528,528
Screenshot_20240716_095553_com.xiachufang.jpg,626,30954,528,528
Screenshot_20240716_095553_com.xiachufang.jpg,66,32000,528,528
Screenshot_20240716_095553_com.xiachufang.jpg,66,32884,528,528
Screenshot_20240716_095553_com.xiachufang.jpg,626,32884,528,528
Screenshot_20240716_095553_com.xiachufang.jpg,66,33696,528,528
Screenshot_20240716_095553_com.xiachufang.jpg,626,33696,528,528
Screenshot_20240716_095553_com.xiachufang.jpg,66,34742,528,528
Screenshot_20240716_095553_com.xiachufang.jpg,626,34742,528,528
Screenshot_20240716_095553_com.xiachufang.jpg,66,35554,528,528
Screenshot_20240716_095553_com.xiachufang.jpg,626,35554,528,528
Screenshot_20240716_095553_com.xiachufang.jpg,66,36438,528,528
Screenshot_20240716_095553_com.xiachufang.jpg,626,36438,528,528
Screenshot_20240716_095700_com.xiachufang.jpg,66,986,528,528
Screenshot_20240716_095700_com.xiachufang.jpg,626,986,528,528
Screenshot_20240716_095700_com.xiachufang.jpg,66,1798,528,528
Screenshot_20240716_095700_com.xiachufang.jpg,626,1798,528,528
Screenshot_20240716_095700_com.xiachufang.jpg,66,2610,528,528
Screenshot_20240716_095700_com.xiachufang.jpg,626,2610,528,528
Screenshot_20240716_095700_com.xiachufang.jpg,66,3728,528,528
Screenshot_20240716_095700_com.xiachufang.jpg,626,3728,528,528
Screenshot_20240716_095700_com.xiachufang.jpg,66,4610,528,528
Screenshot_20240716_095700_com.xiachufang.jpg,626,4610,528,528
Screenshot_20240716_095700_com.xiachufang.jpg,66,5422,528,528
Screenshot_20240716_095700_com.xiachufang.jpg,626,5422,528,528
Screenshot_20240716_095700_com.xiachufang.jpg,66,6470,528,528
Screenshot_20240716_095700_com.xiachufang.jpg,66,7352,528,528
Screenshot_20240716_095700_com.xiachufang.jpg,626,7352,528,528
Screenshot_20240716_095700_com.xiachufang.jpg,66,8164,528,528
Screenshot_20240716_095700_com.xiachufang.jpg,626,8164,528,528
Screenshot_20240716_095700_com.xiachufang.jpg,66,9282,528,528
Screenshot_20240716_095700_com.xiachufang.jpg,66,10094,528,528
Screenshot_20240716_095700_com.xiachufang.jpg,66,10978,528,528
Screenshot_20240716_095700_com.xiachufang.jpg,626,10978,528,528
Screenshot_20240716_095700_com.xiachufang.jpg,66,12096,528,528
Screenshot_20240716_095700_com.xiachufang.jpg,66,12908,528,528
Screenshot_20240716_095700_com.xiachufang.jpg,66,13790,528,528
Screenshot_20240716_095700_com.xiachufang.jpg,626,13790,528,528
Screenshot_20240716_095700_com.xiachufang.jpg,66,14908,528,528
Screenshot_20240716_095700_com.xiachufang.jpg,66,15792,528,528
Screenshot_20240716_095700_com.xiachufang.jpg,66,16674,528,528
Screenshot_20240716_095700_com.xiachufang.jpg,66,17792,528,528
Screenshot_20240716_095700_com.xiachufang.jpg,66,18604,528,528
Screenshot_20240716_095700_com.xiachufang.jpg,66,19488,528,528
Screenshot_20240716_095700_com.xiachufang.jpg,626,19488,528,528
Screenshot_20240716_095700_com.xiachufang.jpg,66,20606,528,528
Screenshot_20240716_095700_com.xiachufang.jpg,66,21488,528,528
Screenshot_20240716_095700_com.xiachufang.jpg,626,21488,528,528
Screenshot_20240716_095700_com.xiachufang.jpg,66,22372,528,528
Screenshot_20240716_095700_com.xiachufang.jpg,66,23490,528,528
Screenshot_20240716_095700_com.xiachufang.jpg,626,23490,528,528
Screenshot_20240716_095700_com.xiachufang.jpg,66,24302,528,528
Screenshot_20240716_095700_com.xiachufang.jpg,626,24302,528,528
Screenshot_20240716_095700_com.xiachufang.jpg,66,25184,528,528
Screenshot_20240716_095700_com.xiachufang.jpg,626,25184,528,528
Screenshot_20240716_095700_com.xiachufang.jpg,66,26232,528,528
Screenshot_20240716_095700_com.xiachufang.jpg,626,26232,528,528
Screenshot_20240716_095700_com.xiachufang.jpg,66,27044,528,528
Screenshot_20240716_095700_com.xiachufang.jpg,626,27044,528,528
Screenshot_20240716_095700_com.xiachufang.jpg,66,27926,528,528
Screenshot_20240716_095700_com.xiachufang.jpg,626,27926,528,528
Screenshot_20240716_095700_com.xiachufang.jpg,66,29044,528,528
Screenshot_20240716_095700_com.xiachufang.jpg,626,29044,528,528
Screenshot_20240716_095700_com.xiachufang.jpg,66,29708,528,528
Screenshot_20240716_095700_com.xiachufang.jpg,66,30520,528,528
Screenshot_20240716_095700_com.xiachufang.jpg,66,31332,528,528
Screenshot_20240716_095700_com.xiachufang.jpg,626,31332,528,528
Screenshot_20240716_095700_com.xiachufang.jpg,66,31996,528,528
Screenshot_20240716_095700_com.xiachufang.jpg,66,32808,528,528
Screenshot_20240716_095700_com.xiachufang.jpg,66,33620,528,528
Screenshot_20240716_095700_com.xiachufang.jpg,626,33620,528,528
Screenshot_20240716_095700_com.xiachufang.jpg,66,34668,528,528
Screenshot_20240716_095700_com.xiachufang.jpg,626,34668,528,528
Screenshot_20240716_095700_com.xiachufang.jpg,66,35332,528,528
Screenshot_20240716_095700_com.xiachufang.jpg,66,36180,528,528
Screenshot_20240716_095700_com.xiachufang.jpg,66,36956,528,528
Screenshot_20240716_095700_com.xiachufang.jpg,66,37620,528,528
Screenshot_20240716_095700_com.xiachufang.jpg,66,38432,528,528
Screenshot_20240716_095700_com.xiachufang.jpg,66,39244,528,528
Screenshot_20240716_095700_com.xiachufang.jpg,626,39244,528,528
Screenshot_20240716_095700_com.xiachufang.jpg,626,36951,528,528
Screenshot_20240716_095700_com.xiachufang.jpg,66,39909,528,528
Screenshot_20240716_095809_com.xiachufang.jpg,66,1010,528,528
Screenshot_20240716_095809_com.xiachufang.jpg,626,1010,528,528
Screenshot_20240716_095809_com.xiachufang.jpg,66,1822,528,528
Screenshot_20240716_095809_com.xiachufang.jpg,66,2634,528,528
Screenshot_20240716_095809_com.xiachufang.jpg,626,2634,528,528
Screenshot_20240716_095809_com.xiachufang.jpg,66,3298,528,528
Screenshot_20240716_095809_com.xiachufang.jpg,66,4110,528,528
Screenshot_20240716_095809_com.xiachufang.jpg,66,4922,528,528
Screenshot_20240716_095809_com.xiachufang.jpg,626,4922,528,528
Screenshot_20240716_095809_com.xiachufang.jpg,66,5586,528,528
Screenshot_20240716_095809_com.xiachufang.jpg,66,6632,528,528
Screenshot_20240716_095809_com.xiachufang.jpg,626,6632,528,528
Screenshot_20240716_095809_com.xiachufang.jpg,66,7296,528,528
Screenshot_20240716_095809_com.xiachufang.jpg,66,8108,528,528
Screenshot_20240716_095809_com.xiachufang.jpg,66,8920,528,528
Screenshot_20240716_095809_com.xiachufang.jpg,66,9732,528,528
Screenshot_20240716_095809_com.xiachufang.jpg,66,10544,528,528
Screenshot_20240716_095809_com.xiachufang.jpg,626,10544,528,528
Screenshot_20240716_095809_com.xiachufang.jpg,66,11208,528,528
Screenshot_20240716_095809_com.xiachufang.jpg,66,12256,528,528
Screenshot_20240716_095809_com.xiachufang.jpg,626,12256,528,528
Screenshot_20240716_095809_com.xiachufang.jpg,66,13068,528,528
Screenshot_20240716_095809_com.xiachufang.jpg,66,13880,528,528
Screenshot_20240716_095809_com.xiachufang.jpg,626,13880,528,528
Screenshot_20240716_095809_com.xiachufang.jpg,66,14544,528,528
Screenshot_20240716_095809_com.xiachufang.jpg,66,15356,528,528
Screenshot_20240716_095809_com.xiachufang.jpg,66,16168,528,528
Screenshot_20240716_095809_com.xiachufang.jpg,626,16168,528,528
Screenshot_20240716_095809_com.xiachufang.jpg,626,17214,528,528
Screenshot_20240716_095809_com.xiachufang.jpg,66,17878,528,528
Screenshot_20240716_095809_com.xiachufang.jpg,66,18690,528,528
Screenshot_20240716_095809_com.xiachufang.jpg,66,19502,528,528
Screenshot_20240716_095809_com.xiachufang.jpg,626,19502,528,528
Screenshot_20240716_095809_com.xiachufang.jpg,66,20166,528,528
Screenshot_20240716_095809_com.xiachufang.jpg,66,20978,528,528
Screenshot_20240716_095809_com.xiachufang.jpg,66,21790,528,528
Screenshot_20240716_095809_com.xiachufang.jpg,626,21790,528,528
Screenshot_20240716_095809_com.xiachufang.jpg,66,22454,528,528
Screenshot_20240716_095809_com.xiachufang.jpg,66,23502,528,528
Screenshot_20240716_095809_com.xiachufang.jpg,626,23502,528,528
Screenshot_20240716_095809_com.xiachufang.jpg,66,24166,528,528
Screenshot_20240716_095809_com.xiachufang.jpg,66,24978,528,528
Screenshot_20240716_095809_com.xiachufang.jpg,66,25790,528,528
Screenshot_20240716_095809_com.xiachufang.jpg,626,25790,528,528
Screenshot_20240716_095809_com.xiachufang.jpg,66,26454,528,528
Screenshot_20240716_095809_com.xiachufang.jpg,66,27324,528,528
Screenshot_20240716_095809_com.xiachufang.jpg,66,28078,528,528
Screenshot_20240716_095809_com.xiachufang.jpg,66,28742,528,528
Screenshot_20240716_095809_com.xiachufang.jpg,66,29788,528,528
Screenshot_20240716_095809_com.xiachufang.jpg,626,29788,528,528
Screenshot_20240716_095809_com.xiachufang.jpg,66,30452,528,528
Screenshot_20240716_095809_com.xiachufang.jpg,66,31264,528,528
Screenshot_20240716_095809_com.xiachufang.jpg,626,31264,528,528
Screenshot_20240716_095809_com.xiachufang.jpg,66,32076,528,528
Screenshot_20240716_095809_com.xiachufang.jpg,626,32076,528,528
Screenshot_20240716_095809_com.xiachufang.jpg,66,32740,528,528
Screenshot_20240716_095809_com.xiachufang.jpg,66,33786,528,528
Screenshot_20240716_095809_com.xiachufang.jpg,626,33786,528,528
Screenshot_20240716_095809_com.xiachufang.jpg,66,34598,528,528
Screenshot_20240716_095809_com.xiachufang.jpg,626,34598,528,528
Screenshot_20240716_095809_com.xiachufang.jpg,66,35262,528,528
Screenshot_20240716_095809_com.xiachufang.jpg,66,36074,528,528
Screenshot_20240716_095809_com.xiachufang.jpg,626,36074,528,528
Screenshot_20240716_095809_com.xiachufang.jpg,66,37122,528,528
Screenshot_20240716_095809_com.xiachufang.jpg,626,37122,528,528
Screenshot_20240716_095809_com.xiachufang.jpg,66,37934,528,528
Screenshot_20240716_095809_com.xiachufang.jpg,626,37934,528,528
Screenshot_20240716_095809_com.xiachufang.jpg,66,38598,528,528
Screenshot_20240716_095809_com.xiachufang.jpg,66,39410,528,528
Screenshot_20240716_095809_com.xiachufang.jpg,626,39410,528,528
Screenshot_20240716_095809_com.xiachufang.jpg,626,28074,528,528
Screenshot_20240716_095918_com.xiachufang.jpg,66,1020,528,528
Screenshot_20240716_095918_com.xiachufang.jpg,626,1020,528,528
Screenshot_20240716_095918_com.xiachufang.jpg,66,1832,528,528
Screenshot_20240716_095918_com.xiachufang.jpg,66,2644,528,528
Screenshot_20240716_095918_com.xiachufang.jpg,626,2644,528,528
Screenshot_20240716_095918_com.xiachufang.jpg,66,3453,528,528
Screenshot_20240716_095918_com.xiachufang.jpg,626,3456,528,528
Screenshot_20240716_095918_com.xiachufang.jpg,66,4502,528,528
Screenshot_20240716_095918_com.xiachufang.jpg,626,4502,528,528
Screenshot_20240716_095918_com.xiachufang.jpg,66,5314,528,528
Screenshot_20240716_095918_com.xiachufang.jpg,626,5314,528,528
Screenshot_20240716_095918_com.xiachufang.jpg,66,6198,528,528
Screenshot_20240716_095918_com.xiachufang.jpg,626,6198,528,528
Screenshot_20240716_095918_com.xiachufang.jpg,66,7244,528,528
Screenshot_20240716_095918_com.xiachufang.jpg,626,7244,528,528
Screenshot_20240716_095918_com.xiachufang.jpg,66,8056,528,528
Screenshot_20240716_095918_com.xiachufang.jpg,626,8056,528,528
Screenshot_20240716_095918_com.xiachufang.jpg,66,8720,528,528
Screenshot_20240716_095918_com.xiachufang.jpg,66,9532,528,528
Screenshot_20240716_095918_com.xiachufang.jpg,626,9532,528,528
Screenshot_20240716_095918_com.xiachufang.jpg,66,10580,528,528
Screenshot_20240716_095918_com.xiachufang.jpg,626,10580,528,528
Screenshot_20240716_095918_com.xiachufang.jpg,66,11392,528,528
Screenshot_20240716_095918_com.xiachufang.jpg,626,11392,528,528
Screenshot_20240716_095918_com.xiachufang.jpg,66,12204,528,528
Screenshot_20240716_095918_com.xiachufang.jpg,626,12204,528,528
Screenshot_20240716_095918_com.xiachufang.jpg,66,13250,528,528
Screenshot_20240716_095918_com.xiachufang.jpg,626,13250,528,528
Screenshot_20240716_095918_com.xiachufang.jpg,66,14062,528,528
Screenshot_20240716_095918_com.xiachufang.jpg,626,14062,528,528
Screenshot_20240716_095918_com.xiachufang.jpg,66,14946,528,528
Screenshot_20240716_095918_com.xiachufang.jpg,626,14946,528,528
Screenshot_20240716_095918_com.xiachufang.jpg,66,15610,528,528
Screenshot_20240716_095918_com.xiachufang.jpg,66,16656,528,528
Screenshot_20240716_095918_com.xiachufang.jpg,626,16656,528,528
Screenshot_20240716_095918_com.xiachufang.jpg,66,17468,528,528
Screenshot_20240716_095918_com.xiachufang.jpg,626,17468,528,528
Screenshot_20240716_095918_com.xiachufang.jpg,66,18352,528,528
Screenshot_20240716_095918_com.xiachufang.jpg,626,18352,528,528
Screenshot_20240716_095918_com.xiachufang.jpg,66,19470,528,528
Screenshot_20240716_095918_com.xiachufang.jpg,626,19470,528,528
Screenshot_20240716_095918_com.xiachufang.jpg,66,20282,528,528
Screenshot_20240716_095918_com.xiachufang.jpg,626,20282,528,528
Screenshot_20240716_095918_com.xiachufang.jpg,66,20946,528,528
Screenshot_20240716_095918_com.xiachufang.jpg,66,21758,528,528
Screenshot_20240716_095918_com.xiachufang.jpg,626,21758,528,528
Screenshot_20240716_095918_com.xiachufang.jpg,66,22804,528,528
Screenshot_20240716_095918_com.xiachufang.jpg,626,22804,528,528
Screenshot_20240716_095918_com.xiachufang.jpg,626,23616,528,528
Screenshot_20240716_095918_com.xiachufang.jpg,66,23616,528,528
Screenshot_20240716_095918_com.xiachufang.jpg,66,24352,528,528
Screenshot_20240716_095918_com.xiachufang.jpg,66,25164,528,528
Screenshot_20240716_095918_com.xiachufang.jpg,626,25164,528,528
Screenshot_20240716_095918_com.xiachufang.jpg,66,26210,528,528
Screenshot_20240716_095918_com.xiachufang.jpg,66,27094,528,528
Screenshot_20240716_095918_com.xiachufang.jpg,626,27094,528,528
Screenshot_20240716_095918_com.xiachufang.jpg,66,27758,528,528
Screenshot_20240716_095918_com.xiachufang.jpg,66,28570,528,528
Screenshot_20240716_095918_com.xiachufang.jpg,626,28570,528,528
Screenshot_20240716_095918_com.xiachufang.jpg,66,29616,528,528
Screenshot_20240716_095918_com.xiachufang.jpg,626,29616,528,528
Screenshot_20240716_095918_com.xiachufang.jpg,66,30280,528,528
Screenshot_20240716_095918_com.xiachufang.jpg,66,31092,528,528
Screenshot_20240716_095918_com.xiachufang.jpg,626,31092,528,528
Screenshot_20240716_095918_com.xiachufang.jpg,66,31904,528,528
Screenshot_20240716_095918_com.xiachufang.jpg,626,31904,528,528
Screenshot_20240716_095918_com.xiachufang.jpg,66,33022,528,528
Screenshot_20240716_095918_com.xiachufang.jpg,626,33022,528,528
Screenshot_20240716_095918_com.xiachufang.jpg,66,33906,528,528
Screenshot_20240716_095918_com.xiachufang.jpg,626,33906,528,528
Screenshot_20240716_095918_com.xiachufang.jpg,66,34570,528,528
Screenshot_20240716_095918_com.xiachufang.jpg,626,34570,528,528
Screenshot_20240716_095918_com.xiachufang.jpg,66,35382,528,528
Screenshot_20240716_095918_com.xiachufang.jpg,626,35382,528,528
Screenshot_20240716_095918_com.xiachufang.jpg,66,36046,528,528
Screenshot_20240716_095918_com.xiachufang.jpg,626,36046,528,528
Screenshot_20240716_100040_com.xiachufang.jpg,66,1018,528,528
Screenshot_20240716_100040_com.xiachufang.jpg,626,1020,528,528
Screenshot_20240716_100040_com.xiachufang.jpg,66,1682,528,528
Screenshot_20240716_100040_com.xiachufang.jpg,66,2564,528,528
Screenshot_20240716_100040_com.xiachufang.jpg,626,2564,528,528
Screenshot_20240716_100040_com.xiachufang.jpg,66,3228,528,528
Screenshot_20240716_100040_com.xiachufang.jpg,626,3228,528,528
Screenshot_20240716_100040_com.xiachufang.jpg,626,4040,528,528
Screenshot_20240716_100040_com.xiachufang.jpg,66,4042,528,528
Screenshot_20240716_100040_com.xiachufang.jpg,66,4704,528,528
Screenshot_20240716_100040_com.xiachufang.jpg,626,4704,528,528
Screenshot_20240716_100040_com.xiachufang.jpg,66,5752,528,528
Screenshot_20240716_100040_com.xiachufang.jpg,626,5752,528,528
Screenshot_20240716_100040_com.xiachufang.jpg,66,6634,528,528
Screenshot_20240716_100040_com.xiachufang.jpg,626,6634,528,528
Screenshot_20240716_100040_com.xiachufang.jpg,626,7298,528,528
Screenshot_20240716_100040_com.xiachufang.jpg,66,7304,528,528
Screenshot_20240716_100040_com.xiachufang.jpg,66,8110,528,528
Screenshot_20240716_100040_com.xiachufang.jpg,626,8110,528,528
Screenshot_20240716_100040_com.xiachufang.jpg,626,8774,528,528
Screenshot_20240716_100040_com.xiachufang.jpg,66,8780,528,528
Screenshot_20240716_100040_com.xiachufang.jpg,66,9822,528,528
Screenshot_20240716_100040_com.xiachufang.jpg,626,9820,528,528
Screenshot_20240716_100040_com.xiachufang.jpg,626,10486,528,528
Screenshot_20240716_100040_com.xiachufang.jpg,66,10490,528,528
Screenshot_20240716_100040_com.xiachufang.jpg,66,11298,528,528
Screenshot_20240716_100040_com.xiachufang.jpg,626,11298,528,528
Screenshot_20240716_100040_com.xiachufang.jpg,66,11962,528,528
Screenshot_20240716_100040_com.xiachufang.jpg,626,11962,528,528
Screenshot_20240716_100040_com.xiachufang.jpg,66,12774,528,528
Screenshot_20240716_100040_com.xiachufang.jpg,626,12774,528,528
Screenshot_20240716_100040_com.xiachufang.jpg,66,13438,528,528
Screenshot_20240716_100040_com.xiachufang.jpg,66,14556,528,528
Screenshot_20240716_100040_com.xiachufang.jpg,626,14556,528,528
Screenshot_20240716_100040_com.xiachufang.jpg,66,15220,528,528
Screenshot_20240716_100040_com.xiachufang.jpg,626,15220,528,528
Screenshot_20240716_100040_com.xiachufang.jpg,66,16032,528,528
Screenshot_20240716_100040_com.xiachufang.jpg,626,16032,528,528
Screenshot_20240716_100040_com.xiachufang.jpg,66,16844,528,528
Screenshot_20240716_100040_com.xiachufang.jpg,626,16844,528,528
Screenshot_20240716_100040_com.xiachufang.jpg,66,17508,528,528
Screenshot_20240716_100040_com.xiachufang.jpg,626,17508,528,528
Screenshot_20240716_100040_com.xiachufang.jpg,66,18172,528,528
Screenshot_20240716_100040_com.xiachufang.jpg,66,19214,528,528
Screenshot_20240716_100040_com.xiachufang.jpg,626,19218,528,528
Screenshot_20240716_100040_com.xiachufang.jpg,66,19882,528,528
Screenshot_20240716_100040_com.xiachufang.jpg,626,20694,528,528
Screenshot_20240716_100040_com.xiachufang.jpg,66,20702,528,528
Screenshot_20240716_100040_com.xiachufang.jpg,66,21358,528,528
Screenshot_20240716_100040_com.xiachufang.jpg,626,21362,528,528
Screenshot_20240716_100040_com.xiachufang.jpg,66,22170,528,528
Screenshot_20240716_100040_com.xiachufang.jpg,626,22170,528,528
Screenshot_20240716_100040_com.xiachufang.jpg,66,22836,528,528
Screenshot_20240716_100040_com.xiachufang.jpg,66,23882,528,528
Screenshot_20240716_100040_com.xiachufang.jpg,66,24546,528,528
Screenshot_20240716_100040_com.xiachufang.jpg,626,24546,528,528
Screenshot_20240716_100040_com.xiachufang.jpg,66,25358,528,528
Screenshot_20240716_100040_com.xiachufang.jpg,626,25358,528,528
Screenshot_20240716_100040_com.xiachufang.jpg,626,26022,528,528
Screenshot_20240716_100040_com.xiachufang.jpg,66,26026,528,528
Screenshot_20240716_100040_com.xiachufang.jpg,66,26834,528,528
Screenshot_20240716_100040_com.xiachufang.jpg,626,26834,528,528
Screenshot_20240716_100040_com.xiachufang.jpg,626,27498,528,528
Screenshot_20240716_100040_com.xiachufang.jpg,66,27502,528,528
Screenshot_20240716_100040_com.xiachufang.jpg,626,28547,528,528
Screenshot_20240716_100040_com.xiachufang.jpg,66,28544,528,528
Screenshot_20240716_100040_com.xiachufang.jpg,66,29208,528,528
Screenshot_20240716_100040_com.xiachufang.jpg,626,29208,528,528
Screenshot_20240716_100040_com.xiachufang.jpg,66,30020,528,528
Screenshot_20240716_100040_com.xiachufang.jpg,626,30020,528,528
Screenshot_20240716_100040_com.xiachufang.jpg,66,30684,528,528
Screenshot_20240716_100040_com.xiachufang.jpg,626,30684,528,528
Screenshot_20240716_100040_com.xiachufang.jpg,66,31496,528,528
Screenshot_20240716_100040_com.xiachufang.jpg,626,31496,528,528
Screenshot_20240716_100040_com.xiachufang.jpg,626,32162,528,528
Screenshot_20240716_100040_com.xiachufang.jpg,66,32169,528,528
Screenshot_20240716_100040_com.xiachufang.jpg,66,33208,528,528
Screenshot_20240716_100040_com.xiachufang.jpg,626,33211,528,528
Screenshot_20240716_100040_com.xiachufang.jpg,626,33872,528,528
Screenshot_20240716_100040_com.xiachufang.jpg,66,33865,528,528
Screenshot_20240716_100040_com.xiachufang.jpg,66,34684,528,528
Screenshot_20240716_100040_com.xiachufang.jpg,626,34678,528,528
Screenshot_20240716_100040_com.xiachufang.jpg,626,35348,528,528
Screenshot_20240716_100040_com.xiachufang.jpg,66,35347,528,528
Screenshot_20240716_100040_com.xiachufang.jpg,66,36160,528,528
Screenshot_20240716_100040_com.xiachufang.jpg,626,36159,528,528
Screenshot_20240716_100040_com.xiachufang.jpg,66,36824,528,528
Screenshot_20240716_100040_com.xiachufang.jpg,626,36823,528,528
Screenshot_20240716_100040_com.xiachufang.jpg,626,23878,528,528
Screenshot_20240716_100214_com.xiachufang.jpg,626,1006,528,528
Screenshot_20240716_100214_com.xiachufang.jpg,66,999,528,528
Screenshot_20240716_100214_com.xiachufang.jpg,66,1675,528,528
Screenshot_20240716_100214_com.xiachufang.jpg,66,2482,528,528
Screenshot_20240716_100214_com.xiachufang.jpg,626,2479,528,528
Screenshot_20240716_100214_com.xiachufang.jpg,626,3146,528,528
Screenshot_20240716_100214_com.xiachufang.jpg,66,3149,528,528
Screenshot_20240716_100214_com.xiachufang.jpg,66,3964,528,528
Screenshot_20240716_100214_com.xiachufang.jpg,626,3959,528,528
Screenshot_20240716_100214_com.xiachufang.jpg,66,4625,528,528
Screenshot_20240716_100214_com.xiachufang.jpg,66,5674,528,528
Screenshot_20240716_100214_com.xiachufang.jpg,626,5675,528,528
Screenshot_20240716_100214_com.xiachufang.jpg,626,6334,528,528
Screenshot_20240716_100214_com.xiachufang.jpg,66,7146,528,528
Screenshot_20240716_100214_com.xiachufang.jpg,626,8028,528,528
Screenshot_20240716_100214_com.xiachufang.jpg,66,8034,528,528
Screenshot_20240716_100214_com.xiachufang.jpg,66,8692,528,528
Screenshot_20240716_100214_com.xiachufang.jpg,626,8699,528,528
Screenshot_20240716_100214_com.xiachufang.jpg,66,9740,528,528
Screenshot_20240716_100214_com.xiachufang.jpg,626,9739,528,528
Screenshot_20240716_100214_com.xiachufang.jpg,66,11216,528,528
Screenshot_20240716_100214_com.xiachufang.jpg,626,11215,528,528
Screenshot_20240716_100214_com.xiachufang.jpg,626,11880,528,528
Screenshot_20240716_100214_com.xiachufang.jpg,66,11882,528,528
Screenshot_20240716_100214_com.xiachufang.jpg,66,12692,528,528
Screenshot_20240716_100214_com.xiachufang.jpg,626,12692,528,528
Screenshot_20240716_100214_com.xiachufang.jpg,626,13356,528,528
Screenshot_20240716_100214_com.xiachufang.jpg,66,13349,528,528
Screenshot_20240716_100214_com.xiachufang.jpg,66,14402,528,528
Screenshot_20240716_100214_com.xiachufang.jpg,626,14402,528,528
Screenshot_20240716_100214_com.xiachufang.jpg,66,15066,528,528
Screenshot_20240716_100214_com.xiachufang.jpg,626,15066,528,528
Screenshot_20240716_100214_com.xiachufang.jpg,66,15878,528,528
Screenshot_20240716_100214_com.xiachufang.jpg,626,15879,528,528
Screenshot_20240716_100214_com.xiachufang.jpg,66,16539,528,528
Screenshot_20240716_100214_com.xiachufang.jpg,626,16542,528,528
Screenshot_20240716_100214_com.xiachufang.jpg,66,17354,528,528
Screenshot_20240716_100214_com.xiachufang.jpg,626,17354,528,528
Screenshot_20240716_100214_com.xiachufang.jpg,66,18018,528,528
Screenshot_20240716_100214_com.xiachufang.jpg,626,18018,528,528
Screenshot_20240716_100214_com.xiachufang.jpg,626,19066,528,528
Screenshot_20240716_100214_com.xiachufang.jpg,66,19062,528,528
Screenshot_20240716_100214_com.xiachufang.jpg,66,19730,528,528
Screenshot_20240716_100214_com.xiachufang.jpg,626,19730,528,528
Screenshot_20240716_100214_com.xiachufang.jpg,626,20542,528,528
Screenshot_20240716_100214_com.xiachufang.jpg,66,20535,528,528
Screenshot_20240716_100214_com.xiachufang.jpg,66,21209,528,528
Screenshot_20240716_100214_com.xiachufang.jpg,626,21205,528,528
Screenshot_20240716_100214_com.xiachufang.jpg,66,22018,528,528
Screenshot_20240716_100214_com.xiachufang.jpg,626,22019,528,528
Screenshot_20240716_100214_com.xiachufang.jpg,626,22682,528,528
Screenshot_20240716_100214_com.xiachufang.jpg,66,22679,528,528
Screenshot_20240716_100214_com.xiachufang.jpg,66,23728,528,528
Screenshot_20240716_100214_com.xiachufang.jpg,626,23728,528,528
Screenshot_20240716_100214_com.xiachufang.jpg,66,24392,528,528
Screenshot_20240716_100214_com.xiachufang.jpg,66,25204,528,528
Screenshot_20240716_100214_com.xiachufang.jpg,66,26016,528,528
Screenshot_20240716_100214_com.xiachufang.jpg,66,26828,528,528
Screenshot_20240716_100214_com.xiachufang.jpg,626,26828,528,528
Screenshot_20240716_100214_com.xiachufang.jpg,66,27876,528,528
Screenshot_20240716_100214_com.xiachufang.jpg,626,27876,528,528
Screenshot_20240716_100214_com.xiachufang.jpg,66,28540,528,528
Screenshot_20240716_100214_com.xiachufang.jpg,66,29350,528,528
Screenshot_20240716_100214_com.xiachufang.jpg,66,30164,528,528
Screenshot_20240716_100214_com.xiachufang.jpg,66,30976,528,528
Screenshot_20240716_100214_com.xiachufang.jpg,626,30976,528,528
Screenshot_20240716_100214_com.xiachufang.jpg,66,31640,528,528
Screenshot_20240716_100214_com.xiachufang.jpg,66,32686,528,528
Screenshot_20240716_100214_com.xiachufang.jpg,626,32686,528,528
Screenshot_20240716_100214_com.xiachufang.jpg,66,33350,528,528
Screenshot_20240716_100214_com.xiachufang.jpg,66,34162,528,528
Screenshot_20240716_100214_com.xiachufang.jpg,66,34974,528,528
Screenshot_20240716_100214_com.xiachufang.jpg,66,35786,528,528
Screenshot_20240716_100214_com.xiachufang.jpg,626,35786,528,528
Screenshot_20240716_100214_com.xiachufang.jpg,66,36520,528,528
Screenshot_20240716_100214_com.xiachufang.jpg,626,4629,528,528
Screenshot_20240716_100214_com.xiachufang.jpg,66,6335,528,528
Screenshot_20240716_100214_com.xiachufang.jpg,626,7145,528,528
Screenshot_20240716_100214_com.xiachufang.jpg,66,10409,528,528
Screenshot_20240716_100345_com.xiachufang.jpg,66,984,528,528
Screenshot_20240716_100345_com.xiachufang.jpg,626,984,528,528
Screenshot_20240716_100345_com.xiachufang.jpg,66,1648,528,528
Screenshot_20240716_100345_com.xiachufang.jpg,66,2460,528,528
Screenshot_20240716_100345_com.xiachufang.jpg,626,2460,528,528
Screenshot_20240716_100345_com.xiachufang.jpg,66,3124,528,528
Screenshot_20240716_100345_com.xiachufang.jpg,66,3936,528,528
Screenshot_20240716_100345_com.xiachufang.jpg,66,4748,528,528
Screenshot_20240716_100345_com.xiachufang.jpg,626,4748,528,528
Screenshot_20240716_100345_com.xiachufang.jpg,66,5794,528,528
Screenshot_20240716_100345_com.xiachufang.jpg,626,5794,528,528
Screenshot_20240716_100345_com.xiachufang.jpg,66,6606,528,528
Screenshot_20240716_100345_com.xiachufang.jpg,66,7418,528,528
Screenshot_20240716_100345_com.xiachufang.jpg,66,8230,528,528
Screenshot_20240716_100345_com.xiachufang.jpg,626,8230,528,528
Screenshot_20240716_100345_com.xiachufang.jpg,66,8894,528,528
Screenshot_20240716_100345_com.xiachufang.jpg,66,9942,528,528
Screenshot_20240716_100345_com.xiachufang.jpg,626,9942,528,528
Screenshot_20240716_100345_com.xiachufang.jpg,66,10754,528,528
Screenshot_20240716_100345_com.xiachufang.jpg,626,10754,528,528
Screenshot_20240716_100345_com.xiachufang.jpg,66,11418,528,528
Screenshot_20240716_100345_com.xiachufang.jpg,66,12230,528,528
Screenshot_20240716_100345_com.xiachufang.jpg,66,13042,528,528
Screenshot_20240716_100345_com.xiachufang.jpg,626,13042,528,528
Screenshot_20240716_100345_com.xiachufang.jpg,66,14088,528,528
Screenshot_20240716_100345_com.xiachufang.jpg,626,14088,528,528
Screenshot_20240716_100345_com.xiachufang.jpg,66,14752,528,528
Screenshot_20240716_100345_com.xiachufang.jpg,66,15564,528,528
Screenshot_20240716_100345_com.xiachufang.jpg,626,16380,528,528
Screenshot_20240716_100345_com.xiachufang.jpg,66,16376,528,528
Screenshot_20240716_100345_com.xiachufang.jpg,66,18000,528,528
Screenshot_20240716_100345_com.xiachufang.jpg,626,18000,528,528
Screenshot_20240716_100345_com.xiachufang.jpg,66,19048,528,528
Screenshot_20240716_100345_com.xiachufang.jpg,626,19048,528,528
Screenshot_20240716_100345_com.xiachufang.jpg,66,19712,528,528
Screenshot_20240716_100345_com.xiachufang.jpg,66,20524,528,528
Screenshot_20240716_100345_com.xiachufang.jpg,626,21334,528,528
Screenshot_20240716_100345_com.xiachufang.jpg,66,21343,528,528
Screenshot_20240716_100345_com.xiachufang.jpg,66,22148,528,528
Screenshot_20240716_100345_com.xiachufang.jpg,626,22958,528,528
Screenshot_20240716_100345_com.xiachufang.jpg,66,22960,528,528
Screenshot_20240716_100345_com.xiachufang.jpg,66,23626,528,528
Screenshot_20240716_100345_com.xiachufang.jpg,66,24670,528,528
Screenshot_20240716_100345_com.xiachufang.jpg,626,24670,528,528
Screenshot_20240716_100345_com.xiachufang.jpg,66,25334,528,528
Screenshot_20240716_100345_com.xiachufang.jpg,66,26146,528,528
Screenshot_20240716_100345_com.xiachufang.jpg,626,26958,528,528
Screenshot_20240716_100345_com.xiachufang.jpg,66,26953,528,528
Screenshot_20240716_100345_com.xiachufang.jpg,66,27770,528,528
Screenshot_20240716_100345_com.xiachufang.jpg,66,28582,528,528
Screenshot_20240716_100345_com.xiachufang.jpg,626,28582,528,528
Screenshot_20240716_100345_com.xiachufang.jpg,66,29246,528,528
